model,score,class,airplane,automobile,bird,cat,deer,dog,frog,horse,ship,truck
vanilla,MSP,bus,1,13,0,0,0,0,0,1,1,70
vanilla,MSP,pickup_truck,0,59,0,0,0,0,0,0,0,27
vanilla,MSP,motorcycle,8,29,0,1,1,0,2,0,0,12
vanilla,MSP,tractor,4,5,1,0,1,0,0,0,8,48
vanilla,MSP,wolf,0,0,1,48,4,32,0,2,0,0
vanilla,MSP,fox,1,0,2,29,28,11,1,4,0,0
vanilla,MSP,leopard,0,0,2,32,12,3,26,0,0,0
vanilla,MSP,camel,4,0,5,3,17,20,0,16,0,0
vanilla,MSP,bottle,1,1,6,16,0,2,0,0,19,11
vanilla,MSP,bowl,4,10,4,15,0,3,10,0,9,1
vanilla,MSP,chair,34,1,8,5,1,3,0,2,1,7
vanilla,MSP,clock,5,12,4,12,1,1,1,0,8,8
vanilla,MSP,keyboard,14,3,3,9,1,1,2,0,3,11
vanilla,MSP,mushroom,2,0,31,8,7,2,10,1,0,1
vanilla,MSP,sunflower,4,0,31,9,0,6,4,0,0,2
vanilla,MSP,wardrobe,0,0,1,23,0,0,0,0,1,46
vanilla,MLS,bus,1,13,0,0,0,0,0,1,1,69
vanilla,MLS,pickup_truck,0,61,0,0,0,0,0,0,0,29
vanilla,MLS,motorcycle,6,21,1,0,0,0,2,0,0,10
vanilla,MLS,tractor,4,5,1,0,0,0,0,0,7,43
vanilla,MLS,wolf,0,0,1,43,4,32,0,1,0,0
vanilla,MLS,fox,1,0,1,31,30,11,0,3,0,0
vanilla,MLS,leopard,0,0,3,26,12,2,25,0,0,0
vanilla,MLS,camel,3,0,6,2,18,15,0,15,0,0
vanilla,MLS,bottle,1,1,2,14,0,2,0,0,14,7
vanilla,MLS,bowl,4,7,2,14,0,1,7,0,7,1
vanilla,MLS,chair,24,0,6,4,1,2,0,1,1,5
vanilla,MLS,clock,2,9,2,8,0,0,1,0,4,7
vanilla,MLS,keyboard,11,3,0,7,0,1,2,1,2,8
vanilla,MLS,mushroom,1,0,26,10,4,2,10,1,0,1
vanilla,MLS,sunflower,3,0,25,5,0,5,5,0,0,2
vanilla,MLS,wardrobe,0,0,1,19,0,0,0,0,1,44
vanilla,Energy,bus,1,13,0,0,0,0,0,1,1,70
vanilla,Energy,pickup_truck,0,61,0,0,0,0,0,0,0,29
vanilla,Energy,motorcycle,6,20,1,0,0,0,2,0,0,9
vanilla,Energy,tractor,4,5,1,0,0,0,0,0,5,43
vanilla,Energy,wolf,0,0,1,43,4,32,0,2,0,0
vanilla,Energy,fox,1,0,1,31,30,11,0,3,0,0
vanilla,Energy,leopard,0,0,3,26,12,2,26,0,0,0
vanilla,Energy,camel,3,0,6,2,17,16,0,15,0,0
vanilla,Energy,bottle,1,1,2,15,0,2,0,0,12,7
vanilla,Energy,bowl,4,7,1,14,0,1,8,0,5,1
vanilla,Energy,chair,24,0,5,4,1,2,0,0,1,5
vanilla,Energy,clock,2,9,2,8,0,0,1,0,4,7
vanilla,Energy,keyboard,10,3,0,7,0,1,1,1,2,8
vanilla,Energy,mushroom,1,0,26,10,4,2,10,1,0,0
vanilla,Energy,sunflower,3,0,24,5,0,5,6,0,0,2
vanilla,Energy,wardrobe,0,0,1,19,0,0,0,0,1,46
vanilla,Mahalanobis,bus,1,13,0,0,0,0,0,1,1,70
vanilla,Mahalanobis,pickup_truck,0,60,0,0,0,0,0,0,0,27
vanilla,Mahalanobis,motorcycle,7,26,0,1,1,0,2,0,0,8
vanilla,Mahalanobis,tractor,3,5,1,0,1,0,0,0,8,48
vanilla,Mahalanobis,wolf,0,0,1,49,4,33,1,2,0,0
vanilla,Mahalanobis,fox,0,0,2,29,29,10,1,4,0,0
vanilla,Mahalanobis,leopard,0,0,1,32,10,5,28,0,0,0
vanilla,Mahalanobis,camel,4,0,4,3,15,21,0,16,0,0
vanilla,Mahalanobis,bottle,1,0,4,16,0,2,0,0,16,6
vanilla,Mahalanobis,bowl,4,8,1,12,0,2,12,0,7,1
vanilla,Mahalanobis,chair,30,1,4,5,1,3,0,2,1,5
vanilla,Mahalanobis,clock,3,10,2,7,2,1,1,0,5,8
vanilla,Mahalanobis,keyboard,14,3,2,9,0,1,2,1,1,9
vanilla,Mahalanobis,mushroom,2,0,28,7,8,3,12,1,0,1
vanilla,Mahalanobis,sunflower,4,0,25,8,1,3,6,0,0,2
vanilla,Mahalanobis,wardrobe,0,0,0,18,0,0,0,0,1,38
gcsc,MLS,bus,3,16,0,0,0,0,0,0,1,69
gcsc,MLS,pickup_truck,0,61,0,0,0,0,0,0,0,30
gcsc,MLS,motorcycle,4,11,0,4,0,0,0,1,0,6
gcsc,MLS,tractor,2,1,0,0,0,0,0,0,5,51
gcsc,MLS,wolf,0,0,2,36,3,37,0,1,0,0
gcsc,MLS,fox,0,0,0,34,24,8,0,3,0,0
gcsc,MLS,leopard,0,0,3,27,6,3,19,0,0,0
gcsc,MLS,camel,3,0,6,2,16,14,0,8,0,1
gcsc,MLS,bottle,1,6,3,5,0,0,0,0,16,9
gcsc,MLS,bowl,5,4,1,15,0,5,4,0,6,1
gcsc,MLS,chair,17,1,8,6,0,0,0,0,0,9
gcsc,MLS,clock,1,11,5,12,0,3,1,0,7,9
gcsc,MLS,keyboard,5,1,7,4,0,0,5,1,1,19
gcsc,MLS,mushroom,4,0,24,6,3,2,11,0,0,0
gcsc,MLS,sunflower,1,0,12,5,0,12,3,0,0,2
gcsc,MLS,wardrobe,0,0,0,14,0,0,0,0,0,44
proser,MLS,bus,2,14,0,0,0,0,0,1,1,68
proser,MLS,pickup_truck,0,57,0,0,0,0,0,0,0,36
proser,MLS,motorcycle,7,30,0,1,1,0,1,0,0,21
proser,MLS,tractor,4,5,1,0,1,0,0,0,6,48
proser,MLS,wolf,0,0,2,43,4,29,0,2,0,0
proser,MLS,fox,1,0,2,34,26,11,1,2,0,0
proser,MLS,leopard,0,0,2,37,10,4,20,0,0,0
proser,MLS,camel,4,0,10,3,17,16,0,12,0,1
proser,MLS,bottle,1,2,2,18,0,2,0,0,18,6
proser,MLS,bowl,7,10,1,15,0,1,9,0,6,2
proser,MLS,chair,29,0,8,4,1,3,0,0,1,6
proser,MLS,clock,2,13,2,11,0,0,1,0,8,7
proser,MLS,keyboard,7,4,1,8,0,1,2,1,3,15
proser,MLS,mushroom,1,0,25,13,4,3,14,1,0,1
proser,MLS,sunflower,2,0,26,7,0,6,7,0,0,2
proser,MLS,wardrobe,0,0,0,18,0,1,0,0,2,46
proser,PROSER-detect,bus,2,12,0,0,0,0,0,1,1,68
proser,PROSER-detect,pickup_truck,0,55,0,0,0,0,0,0,0,31
proser,PROSER-detect,motorcycle,7,31,0,1,1,0,2,1,0,20
proser,PROSER-detect,tractor,4,5,1,0,1,0,0,0,6,54
proser,PROSER-detect,wolf,0,0,2,49,3,30,0,2,0,0
proser,PROSER-detect,fox,0,0,2,33,22,11,1,3,0,0
proser,PROSER-detect,leopard,0,0,1,38,8,3,22,0,0,0
proser,PROSER-detect,camel,4,0,11,4,18,17,0,14,0,1
proser,PROSER-detect,bottle,1,2,3,20,0,2,0,0,20,5
proser,PROSER-detect,bowl,7,10,1,18,0,3,11,0,10,2
proser,PROSER-detect,chair,35,0,6,6,1,1,0,1,1,7
proser,PROSER-detect,clock,3,13,2,14,1,0,1,0,8,7
proser,PROSER-detect,keyboard,9,2,1,8,0,1,2,2,3,13
proser,PROSER-detect,mushroom,1,0,26,14,5,1,10,2,0,1
proser,PROSER-detect,sunflower,2,0,26,8,0,5,5,0,0,4
proser,PROSER-detect,wardrobe,0,0,1,29,0,0,0,0,2,45
