group,fine_class,index,pred,second_choice,u,tau,margin_below_tau,max_logit,max_softmax,plausible_targets,map_label
near,bus,5201,truck,automobile,-11.8337,-5.77559,6.05808,11.8337,0.999831,automobile/truck,plausible
far,bowl,9561,frog,cat,-11.7372,-5.77559,5.96156,11.7372,0.999969,-,surprising
near,bus,7133,truck,automobile,-11.704,-5.77559,5.92838,11.704,0.99997,automobile/truck,plausible
near,pickup_truck,9081,automobile,truck,-11.6719,-5.77559,5.89634,11.6719,0.999956,automobile/truck,plausible
near,leopard,6055,cat,bird,-11.646,-5.77559,5.87036,11.646,0.999818,cat,plausible
near,tractor,8996,ship,truck,-11.2798,-5.77559,5.50425,11.2798,0.999953,automobile/truck,surprising
near,bus,4173,truck,automobile,-11.2504,-5.77559,5.47478,11.2504,0.999916,automobile/truck,plausible
near,bus,6339,truck,automobile,-11.2381,-5.77559,5.46248,11.2381,0.9999,automobile/truck,plausible
near,pickup_truck,7658,automobile,truck,-11.1178,-5.77559,5.34221,11.1178,0.99994,automobile/truck,plausible
near,bus,9232,truck,automobile,-11.0434,-5.77559,5.26783,11.0434,0.9999,automobile/truck,plausible
near,wolf,720,dog,cat,-11.0215,-5.77559,5.24591,11.0215,0.999862,dog,plausible
near,bus,2665,truck,airplane,-10.8936,-5.77559,5.11799,10.8936,0.999916,automobile/truck,plausible
far,sunflower,5260,bird,cat,-10.8652,-5.77559,5.08958,10.8652,0.999895,-,surprising
near,pickup_truck,4506,automobile,truck,-10.8586,-5.77559,5.08305,10.8586,0.999921,automobile/truck,plausible
far,bottle,3888,cat,bird,-10.8573,-5.77559,5.08166,10.8573,0.999819,-,surprising
near,bus,8655,truck,automobile,-10.8561,-5.77559,5.0805,10.8561,0.999915,automobile/truck,plausible
near,bus,3026,truck,automobile,-10.8251,-5.77559,5.04954,10.8251,0.999908,automobile/truck,plausible
far,mushroom,3502,frog,deer,-10.7966,-5.77559,5.02105,10.7966,0.999892,-,surprising
near,bus,8085,truck,cat,-10.758,-5.77559,4.98244,10.758,0.999907,automobile/truck,plausible
near,leopard,4677,cat,dog,-10.7574,-5.77559,4.98186,10.7574,0.999883,cat,plausible
near,pickup_truck,156,truck,automobile,-10.7375,-5.77559,4.96187,10.7375,0.998588,automobile/truck,plausible
far,bowl,6033,automobile,ship,-10.709,-5.77559,4.9334,10.709,0.999778,-,surprising
near,pickup_truck,7389,automobile,truck,-10.7073,-5.77559,4.93173,10.7073,0.999905,automobile/truck,plausible
near,bus,957,truck,ship,-10.6992,-5.77559,4.92364,10.6992,0.999821,automobile/truck,plausible
near,bus,3755,truck,automobile,-10.6578,-5.77559,4.88225,10.6578,0.999902,automobile/truck,plausible
far,chair,4259,airplane,cat,-10.6442,-5.77559,4.86856,10.6442,0.999784,-,surprising
near,bus,3276,truck,ship,-10.6084,-5.77559,4.8328,10.6084,0.999892,automobile/truck,plausible
near,leopard,9187,cat,dog,-10.5906,-5.77559,4.81502,10.5906,0.999842,cat,plausible
near,bus,2719,truck,airplane,-10.5904,-5.77559,4.81482,10.5904,0.999907,automobile/truck,plausible
near,bus,6116,truck,ship,-10.5757,-5.77559,4.80009,10.5757,0.999737,automobile/truck,plausible
far,bowl,1865,cat,bird,-10.5709,-5.77559,4.79529,10.5709,0.999646,-,surprising
near,pickup_truck,1568,automobile,truck,-10.5679,-5.77559,4.79234,10.5679,0.999783,automobile/truck,plausible
near,fox,4706,cat,deer,-10.5493,-5.77559,4.77371,10.5493,0.999879,dog/cat,plausible
near,wolf,7980,dog,cat,-10.5285,-5.77559,4.75292,10.5285,0.999877,dog,plausible
near,fox,6163,deer,horse,-10.4509,-5.77559,4.67528,10.4509,0.999894,dog/cat,surprising
near,bus,7441,truck,automobile,-10.4477,-5.77559,4.67214,10.4477,0.999814,automobile/truck,plausible
far,wardrobe,6390,truck,cat,-10.4315,-5.77559,4.65588,10.4315,0.999443,-,surprising
near,bus,4307,truck,automobile,-10.4019,-5.77559,4.62634,10.4019,0.99989,automobile/truck,plausible
far,bottle,7443,cat,bird,-10.386,-5.77559,4.61036,10.386,0.999749,-,surprising
near,bus,1662,truck,automobile,-10.3486,-5.77559,4.57298,10.3486,0.999874,automobile/truck,plausible
near,wolf,897,cat,deer,-10.2888,-5.77559,4.5132,10.2888,0.999833,dog,surprising
near,bus,9835,truck,ship,-10.2869,-5.77559,4.51134,10.2869,0.999873,automobile/truck,plausible
near,bus,193,truck,automobile,-10.2772,-5.77559,4.50156,10.2772,0.999833,automobile/truck,plausible
near,wolf,9231,cat,dog,-10.2506,-5.77559,4.47496,10.2506,0.999689,dog,surprising
near,pickup_truck,9927,automobile,truck,-10.242,-5.77559,4.46637,10.242,0.999834,automobile/truck,plausible
far,mushroom,2620,bird,cat,-10.2207,-5.77559,4.44507,10.2207,0.999325,-,surprising
near,pickup_truck,4515,automobile,ship,-10.2136,-5.77559,4.43799,10.2136,0.99986,automobile/truck,plausible
near,wolf,6010,deer,dog,-10.1991,-5.77559,4.42349,10.1991,0.999805,dog,surprising
near,bus,5853,truck,automobile,-10.1828,-5.77559,4.40724,10.1828,0.999722,automobile/truck,plausible
near,fox,5832,deer,cat,-10.1797,-5.77559,4.40415,10.1797,0.999707,dog/cat,surprising
far,mushroom,4982,bird,cat,-10.1687,-5.77559,4.39312,10.1687,0.9998,-,surprising
near,pickup_truck,6574,automobile,truck,-10.1686,-5.77559,4.39299,10.1686,0.999713,automobile/truck,plausible
far,mushroom,5820,bird,deer,-10.1616,-5.77559,4.38605,10.1616,0.99979,-,surprising
near,pickup_truck,5110,automobile,truck,-10.154,-5.77559,4.37843,10.154,0.999156,automobile/truck,plausible
near,pickup_truck,353,automobile,truck,-10.1398,-5.77559,4.36417,10.1398,0.99962,automobile/truck,plausible
far,wardrobe,6161,truck,automobile,-10.1329,-5.77559,4.35729,10.1329,0.999079,-,surprising
near,wolf,9790,cat,dog,-10.1294,-5.77559,4.35379,10.1294,0.999636,dog,surprising
near,bus,7816,truck,automobile,-10.1223,-5.77559,4.3467,10.1223,0.999231,automobile/truck,plausible
near,pickup_truck,8947,truck,automobile,-10.1124,-5.77559,4.33676,10.1124,0.999637,automobile/truck,plausible
near,wolf,7135,dog,cat,-10.1112,-5.77559,4.33565,10.1112,0.999825,dog,plausible
near,fox,2544,deer,dog,-10.068,-5.77559,4.29245,10.068,0.999089,dog/cat,surprising
near,fox,351,cat,deer,-10.0576,-5.77559,4.28198,10.0576,0.999533,dog/cat,plausible
near,pickup_truck,5009,automobile,truck,-10.0574,-5.77559,4.28176,10.0574,0.999744,automobile/truck,plausible
near,camel,8143,cat,dog,-10.0463,-5.77559,4.27072,10.0463,0.99964,horse/deer,surprising
near,wolf,4285,dog,bird,-10.0391,-5.77559,4.26352,10.0391,0.999715,dog,plausible
near,bus,2832,truck,ship,-9.97731,-5.77559,4.20172,9.97731,0.99977,automobile/truck,plausible
near,pickup_truck,4335,truck,deer,-9.9612,-5.77559,4.18561,9.9612,0.999825,automobile/truck,plausible
near,bus,619,automobile,truck,-9.94474,-5.77559,4.16914,9.94474,0.999488,automobile/truck,plausible
near,bus,94,truck,automobile,-9.93527,-5.77559,4.15968,9.93527,0.99983,automobile/truck,plausible
near,fox,7225,cat,frog,-9.92254,-5.77559,4.14695,9.92254,0.999777,dog/cat,plausible
near,bus,4201,truck,airplane,-9.91742,-5.77559,4.14183,9.91742,0.998758,automobile/truck,plausible
near,bus,7508,truck,automobile,-9.90919,-5.77559,4.13359,9.90919,0.999789,automobile/truck,plausible
near,wolf,5078,dog,deer,-9.9053,-5.77559,4.12971,9.9053,0.999834,dog,plausible
near,bus,4185,truck,ship,-9.90451,-5.77559,4.12892,9.90451,0.999754,automobile/truck,plausible
near,wolf,1345,cat,deer,-9.89702,-5.77559,4.12143,9.89702,0.999717,dog,surprising
near,pickup_truck,5756,automobile,truck,-9.88315,-5.77559,4.10756,9.88315,0.999641,automobile/truck,plausible
near,bus,4296,truck,automobile,-9.87862,-5.77559,4.10303,9.87862,0.999622,automobile/truck,plausible
near,bus,1445,truck,automobile,-9.87834,-5.77559,4.10275,9.87834,0.999704,automobile/truck,plausible
near,camel,6418,deer,horse,-9.86026,-5.77559,4.08467,9.86026,0.999677,horse/deer,plausible
near,tractor,6930,truck,frog,-9.83626,-5.77559,4.06067,9.83626,0.999764,automobile/truck,plausible
near,motorcycle,3376,automobile,truck,-9.81854,-5.77559,4.04295,9.81854,0.999614,automobile/truck,plausible
far,keyboard,8369,truck,automobile,-9.8045,-5.77559,4.02891,9.8045,0.999682,-,surprising
near,bus,5184,truck,automobile,-9.79736,-5.77559,4.02177,9.79736,0.999348,automobile/truck,plausible
near,wolf,3877,cat,deer,-9.78797,-5.77559,4.01238,9.78797,0.99955,dog,surprising
far,wardrobe,7171,truck,cat,-9.77779,-5.77559,4.00219,9.77779,0.998304,-,surprising
near,pickup_truck,9447,automobile,truck,-9.76999,-5.77559,3.9944,9.76999,0.99969,automobile/truck,plausible
near,pickup_truck,4870,automobile,truck,-9.76857,-5.77559,3.99298,9.76857,0.999754,automobile/truck,plausible
near,bus,2591,truck,automobile,-9.76062,-5.77559,3.98503,9.76062,0.999493,automobile/truck,plausible
far,wardrobe,4933,truck,cat,-9.75614,-5.77559,3.98055,9.75614,0.996077,-,surprising
near,bus,1985,automobile,airplane,-9.73925,-5.77559,3.96366,9.73925,0.999658,automobile/truck,plausible
far,bowl,4252,cat,ship,-9.72821,-5.77559,3.95262,9.72821,0.999001,-,surprising
near,camel,811,deer,bird,-9.7276,-5.77559,3.95201,9.7276,0.997957,horse/deer,plausible
far,wardrobe,6423,truck,automobile,-9.72154,-5.77559,3.94594,9.72154,0.999679,-,surprising
far,clock,1586,truck,automobile,-9.70741,-5.77559,3.93182,9.70741,0.999617,-,surprising
far,wardrobe,9149,truck,cat,-9.69376,-5.77559,3.91817,9.69376,0.999644,-,surprising
near,pickup_truck,150,truck,automobile,-9.68664,-5.77559,3.91105,9.68664,0.999721,automobile/truck,plausible
near,pickup_truck,6075,automobile,truck,-9.68486,-5.77559,3.90927,9.68486,0.999681,automobile/truck,plausible
far,bowl,3765,ship,cat,-9.65061,-5.77559,3.87502,9.65061,0.999748,-,surprising
near,bus,2843,truck,ship,-9.65042,-5.77559,3.87483,9.65042,0.999698,automobile/truck,plausible
near,fox,8187,cat,dog,-9.64139,-5.77559,3.8658,9.64139,0.999612,dog/cat,plausible
far,sunflower,9315,cat,bird,-9.63306,-5.77559,3.85747,9.63306,0.999007,-,surprising
near,fox,4264,deer,dog,-9.61821,-5.77559,3.84262,9.61821,0.999705,dog/cat,surprising
near,bus,3197,truck,automobile,-9.5913,-5.77559,3.81571,9.5913,0.999721,automobile/truck,plausible
near,tractor,4691,truck,ship,-9.58271,-5.77559,3.80712,9.58271,0.999691,automobile/truck,plausible
far,clock,6981,ship,airplane,-9.58215,-5.77559,3.80656,9.58215,0.999566,-,surprising
far,bowl,2656,cat,bird,-9.56704,-5.77559,3.79145,9.56704,0.99962,-,surprising
near,wolf,6967,dog,cat,-9.55954,-5.77559,3.78395,9.55954,0.999613,dog,plausible
near,bus,6176,truck,automobile,-9.54047,-5.77559,3.76488,9.54047,0.99949,automobile/truck,plausible
near,wolf,5425,dog,cat,-9.52969,-5.77559,3.7541,9.52969,0.99967,dog,plausible
near,wolf,6552,cat,frog,-9.52569,-5.77559,3.7501,9.52569,0.999638,dog,surprising
near,pickup_truck,6653,automobile,truck,-9.51987,-5.77559,3.74428,9.51987,0.999447,automobile/truck,plausible
near,tractor,6360,automobile,truck,-9.51693,-5.77559,3.74134,9.51693,0.9991,automobile/truck,plausible
far,wardrobe,7604,truck,bird,-9.48679,-5.77559,3.7112,9.48679,0.999521,-,surprising
near,leopard,3104,cat,dog,-9.48495,-5.77559,3.70936,9.48495,0.999671,cat,plausible
near,camel,9531,dog,horse,-9.47631,-5.77559,3.70072,9.47631,0.999535,horse/deer,surprising
far,wardrobe,3053,truck,ship,-9.47154,-5.77559,3.69595,9.47154,0.99955,-,surprising
near,pickup_truck,4463,automobile,truck,-9.45973,-5.77559,3.68414,9.45973,0.998943,automobile/truck,plausible
far,wardrobe,2432,truck,cat,-9.45191,-5.77559,3.67631,9.45191,0.997021,-,surprising
near,tractor,5550,truck,cat,-9.45147,-5.77559,3.67588,9.45147,0.999529,automobile/truck,plausible
near,pickup_truck,149,automobile,truck,-9.44758,-5.77559,3.67199,9.44758,0.999589,automobile/truck,plausible
near,bus,8958,automobile,truck,-9.42671,-5.77559,3.65112,9.42671,0.999636,automobile/truck,plausible
near,wolf,2826,deer,cat,-9.42087,-5.77559,3.64528,9.42087,0.999411,dog,surprising
near,wolf,1519,dog,cat,-9.42015,-5.77559,3.64456,9.42015,0.996958,dog,plausible
near,pickup_truck,2100,automobile,truck,-9.41416,-5.77559,3.63857,9.41416,0.99968,automobile/truck,plausible
near,pickup_truck,9878,automobile,truck,-9.41304,-5.77559,3.63745,9.41304,0.999491,automobile/truck,plausible
near,pickup_truck,1913,truck,automobile,-9.39715,-5.77559,3.62156,9.39715,0.998874,automobile/truck,plausible
far,clock,6673,cat,ship,-9.39439,-5.77559,3.6188,9.39439,0.999032,-,surprising
near,fox,8109,deer,frog,-9.39236,-5.77559,3.61677,9.39236,0.9994,dog/cat,surprising
near,pickup_truck,9880,truck,automobile,-9.38845,-5.77559,3.61286,9.38845,0.999409,automobile/truck,plausible
near,bus,5634,truck,airplane,-9.38703,-5.77559,3.61144,9.38703,0.999481,automobile/truck,plausible
near,tractor,7086,truck,automobile,-9.38313,-5.77559,3.60754,9.38313,0.999127,automobile/truck,plausible
far,sunflower,1781,airplane,bird,-9.37484,-5.77559,3.59925,9.37484,0.998293,-,surprising
near,bus,4586,automobile,truck,-9.37099,-5.77559,3.5954,9.37099,0.995637,automobile/truck,plausible
near,bus,5163,truck,ship,-9.36796,-5.77559,3.59237,9.36796,0.999509,automobile/truck,plausible
far,bowl,9492,ship,airplane,-9.35234,-5.77559,3.57675,9.35234,0.999635,-,surprising
near,bus,5748,truck,ship,-9.34569,-5.77559,3.5701,9.34569,0.99918,automobile/truck,plausible
near,camel,9142,horse,dog,-9.34326,-5.77559,3.56767,9.34326,0.999647,horse/deer,plausible
near,wolf,3487,cat,dog,-9.32581,-5.77559,3.55021,9.32581,0.99781,dog,surprising
near,wolf,9587,cat,dog,-9.32559,-5.77559,3.55,9.32559,0.999377,dog,surprising
near,camel,4435,dog,cat,-9.32258,-5.77559,3.54699,9.32258,0.999439,horse/deer,surprising
near,wolf,809,dog,deer,-9.31699,-5.77559,3.54139,9.31699,0.999356,dog,plausible
near,pickup_truck,7559,automobile,truck,-9.313,-5.77559,3.53741,9.313,0.9989,automobile/truck,plausible
near,wolf,7087,cat,dog,-9.30688,-5.77559,3.53129,9.30688,0.990554,dog,surprising
near,bus,1478,truck,ship,-9.29561,-5.77559,3.52002,9.29561,0.999418,automobile/truck,plausible
far,wardrobe,8236,truck,cat,-9.29464,-5.77559,3.51905,9.29464,0.999455,-,surprising
far,mushroom,7787,bird,cat,-9.28806,-5.77559,3.51247,9.28806,0.996109,-,surprising
near,tractor,9019,truck,airplane,-9.28697,-5.77559,3.51138,9.28697,0.99963,automobile/truck,plausible
near,fox,9453,cat,dog,-9.27431,-5.77559,3.49872,9.27431,0.999508,dog/cat,plausible
near,bus,766,truck,ship,-9.26987,-5.77559,3.49428,9.26987,0.999493,automobile/truck,plausible
near,pickup_truck,5149,truck,automobile,-9.26957,-5.77559,3.49397,9.26957,0.999564,automobile/truck,plausible
near,motorcycle,9017,automobile,truck,-9.25717,-5.77559,3.48157,9.25717,0.999215,automobile/truck,plausible
near,pickup_truck,7900,automobile,truck,-9.25544,-5.77559,3.47985,9.25544,0.999573,automobile/truck,plausible
near,fox,7317,deer,cat,-9.25354,-5.77559,3.47795,9.25354,0.999082,dog/cat,surprising
near,bus,3887,truck,ship,-9.24284,-5.77559,3.46725,9.24284,0.999225,automobile/truck,plausible
near,pickup_truck,9676,automobile,truck,-9.24178,-5.77559,3.46619,9.24178,0.999339,automobile/truck,plausible
far,mushroom,1760,bird,frog,-9.23983,-5.77559,3.46424,9.23983,0.999016,-,surprising
near,pickup_truck,9388,automobile,ship,-9.22822,-5.77559,3.45262,9.22822,0.999573,automobile/truck,plausible
far,chair,5096,airplane,cat,-9.22263,-5.77559,3.44704,9.22263,0.9991,-,surprising
near,bus,8609,truck,ship,-9.21871,-5.77559,3.44312,9.21871,0.999597,automobile/truck,plausible
far,bowl,8004,cat,frog,-9.20996,-5.77559,3.43437,9.20996,0.998895,-,surprising
near,camel,5762,bird,horse,-9.2034,-5.77559,3.42781,9.2034,0.997341,horse/deer,surprising
near,pickup_truck,460,automobile,truck,-9.18162,-5.77559,3.40603,9.18162,0.999428,automobile/truck,plausible
far,keyboard,3586,cat,deer,-9.17172,-5.77559,3.39613,9.17172,0.998033,-,surprising
near,bus,1489,truck,airplane,-9.16486,-5.77559,3.38927,9.16486,0.999323,automobile/truck,plausible
near,leopard,3379,bird,cat,-9.15102,-5.77559,3.37543,9.15102,0.998078,cat,surprising
near,leopard,9261,frog,cat,-9.14886,-5.77559,3.37327,9.14886,0.999179,cat,surprising
near,fox,3760,cat,frog,-9.1423,-5.77559,3.36671,9.1423,0.999374,dog/cat,plausible
far,mushroom,3968,frog,cat,-9.14181,-5.77559,3.36622,9.14181,0.999423,-,surprising
near,bus,3106,truck,automobile,-9.14128,-5.77559,3.36569,9.14128,0.999178,automobile/truck,plausible
near,fox,9842,deer,cat,-9.12239,-5.77559,3.3468,9.12239,0.998325,dog/cat,surprising
near,bus,2203,automobile,truck,-9.12044,-5.77559,3.34485,9.12044,0.998477,automobile/truck,plausible
near,leopard,9575,frog,bird,-9.11423,-5.77559,3.33864,9.11423,0.999367,cat,surprising
far,wardrobe,5666,cat,truck,-9.10776,-5.77559,3.33217,9.10776,0.991404,-,surprising
near,tractor,3484,truck,automobile,-9.09667,-5.77559,3.32108,9.09667,0.999246,automobile/truck,plausible
far,clock,3210,automobile,ship,-9.09229,-5.77559,3.3167,9.09229,0.997667,-,surprising
near,camel,5029,deer,bird,-9.09078,-5.77559,3.31519,9.09078,0.998988,horse/deer,plausible
far,bottle,2510,cat,ship,-9.07591,-5.77559,3.30032,9.07591,0.999499,-,surprising
near,pickup_truck,3655,automobile,truck,-9.06645,-5.77559,3.29086,9.06645,0.997304,automobile/truck,plausible
far,bowl,3304,bird,airplane,-9.06374,-5.77559,3.28815,9.06374,0.992635,-,surprising
near,bus,1271,truck,automobile,-9.05727,-5.77559,3.28168,9.05727,0.999105,automobile/truck,plausible
far,mushroom,9103,bird,frog,-9.05682,-5.77559,3.28123,9.05682,0.999392,-,surprising
far,bottle,340,ship,cat,-9.05254,-5.77559,3.27695,9.05254,0.999029,-,surprising
near,leopard,1843,deer,cat,-9.05135,-5.77559,3.27576,9.05135,0.998705,cat,surprising
near,leopard,5698,frog,bird,-9.04798,-5.77559,3.27239,9.04798,0.999327,cat,surprising
near,tractor,299,automobile,truck,-9.04578,-5.77559,3.27018,9.04578,0.998751,automobile/truck,plausible
near,bus,5920,truck,ship,-9.03335,-5.77559,3.25775,9.03335,0.996735,automobile/truck,plausible
near,fox,7564,cat,dog,-9.03243,-5.77559,3.25684,9.03243,0.994832,dog/cat,plausible
near,tractor,1260,truck,automobile,-9.03189,-5.77559,3.2563,9.03189,0.999427,automobile/truck,plausible
far,clock,7224,truck,automobile,-9.02376,-5.77559,3.24817,9.02376,0.997397,-,surprising
near,leopard,555,cat,frog,-9.02035,-5.77559,3.24476,9.02035,0.987654,cat,plausible
near,camel,1572,deer,bird,-9.01982,-5.77559,3.24422,9.01982,0.999351,horse/deer,plausible
far,sunflower,6030,bird,cat,-9.00667,-5.77559,3.23108,9.00667,0.999402,-,surprising
near,bus,2484,truck,automobile,-8.99822,-5.77559,3.22263,8.99822,0.998127,automobile/truck,plausible
near,pickup_truck,2882,automobile,truck,-8.9926,-5.77559,3.21701,8.9926,0.998168,automobile/truck,plausible
near,camel,7298,horse,deer,-8.99251,-5.77559,3.21692,8.99251,0.998231,horse/deer,plausible
near,pickup_truck,8082,automobile,truck,-8.99185,-5.77559,3.21626,8.99185,0.999353,automobile/truck,plausible
near,pickup_truck,796,truck,automobile,-8.98586,-5.77559,3.21027,8.98586,0.999424,automobile/truck,plausible
near,motorcycle,5350,truck,automobile,-8.98108,-5.77559,3.20548,8.98108,0.999316,automobile/truck,plausible
near,pickup_truck,4588,automobile,truck,-8.98082,-5.77559,3.20523,8.98082,0.999219,automobile/truck,plausible
near,fox,6162,cat,dog,-8.98056,-5.77559,3.20497,8.98056,0.998738,dog/cat,plausible
near,bus,4788,automobile,truck,-8.97924,-5.77559,3.20365,8.97924,0.997142,automobile/truck,plausible
near,bus,5654,automobile,truck,-8.97826,-5.77559,3.20267,8.97826,0.999513,automobile/truck,plausible
near,pickup_truck,256,truck,automobile,-8.97122,-5.77559,3.19563,8.97122,0.999221,automobile/truck,plausible
far,bowl,452,automobile,ship,-8.96988,-5.77559,3.19429,8.96988,0.997214,-,surprising
near,pickup_truck,4693,automobile,airplane,-8.96244,-5.77559,3.18685,8.96244,0.998822,automobile/truck,plausible
near,bus,4104,airplane,horse,-8.9562,-5.77559,3.18061,8.9562,0.999232,automobile/truck,surprising
far,bowl,2302,frog,automobile,-8.94424,-5.77559,3.16865,8.94424,0.999171,-,surprising
near,pickup_truck,803,automobile,truck,-8.93865,-5.77559,3.16306,8.93865,0.999088,automobile/truck,plausible
near,pickup_truck,2603,automobile,truck,-8.93384,-5.77559,3.15825,8.93384,0.999401,automobile/truck,plausible
near,fox,3605,dog,cat,-8.93319,-5.77559,3.1576,8.93319,0.99857,dog/cat,plausible
near,leopard,4238,dog,cat,-8.93263,-5.77559,3.15704,8.93263,0.99927,cat,surprising
far,keyboard,6907,truck,automobile,-8.92802,-5.77559,3.15242,8.92802,0.998622,-,surprising
far,bottle,6507,cat,dog,-8.9272,-5.77559,3.1516,8.9272,0.99781,-,surprising
far,clock,4704,truck,frog,-8.92573,-5.77559,3.15014,8.92573,0.998753,-,surprising
near,tractor,9704,truck,automobile,-8.92429,-5.77559,3.1487,8.92429,0.99501,automobile/truck,plausible
near,wolf,7028,cat,dog,-8.92116,-5.77559,3.14557,8.92116,0.997812,dog,surprising
near,wolf,2102,bird,frog,-8.92019,-5.77559,3.1446,8.92019,0.998649,dog,surprising
near,pickup_truck,5008,automobile,truck,-8.91898,-5.77559,3.14339,8.91898,0.999432,automobile/truck,plausible
near,wolf,2219,dog,cat,-8.91775,-5.77559,3.14216,8.91775,0.999047,dog,plausible
far,bottle,5981,cat,dog,-8.9033,-5.77559,3.12771,8.9033,0.997973,-,surprising
near,leopard,5399,cat,frog,-8.90156,-5.77559,3.12597,8.90156,0.999211,cat,plausible
near,bus,7376,truck,automobile,-8.90114,-5.77559,3.12555,8.90114,0.99918,automobile/truck,plausible
far,mushroom,8707,bird,cat,-8.90078,-5.77559,3.12519,8.90078,0.994149,-,surprising
near,fox,5726,bird,frog,-8.89508,-5.77559,3.11949,8.89508,0.999128,dog/cat,surprising
far,bowl,2797,cat,automobile,-8.88246,-5.77559,3.10687,8.88246,0.999143,-,surprising
near,motorcycle,1023,truck,automobile,-8.87967,-5.77559,3.10408,8.87967,0.998633,automobile/truck,plausible
near,pickup_truck,7207,automobile,truck,-8.8776,-5.77559,3.10201,8.8776,0.99907,automobile/truck,plausible
near,pickup_truck,8953,automobile,truck,-8.87756,-5.77559,3.10197,8.87756,0.999414,automobile/truck,plausible
far,mushroom,5219,cat,deer,-8.86626,-5.77559,3.09067,8.86626,0.988746,-,surprising
far,bowl,6559,airplane,cat,-8.86516,-5.77559,3.08956,8.86516,0.994701,-,surprising
near,motorcycle,6382,automobile,truck,-8.86115,-5.77559,3.08556,8.86115,0.998605,automobile/truck,plausible
near,fox,8715,cat,dog,-8.85956,-5.77559,3.08397,8.85956,0.999249,dog/cat,plausible
near,pickup_truck,7962,truck,automobile,-8.85863,-5.77559,3.08304,8.85863,0.999163,automobile/truck,plausible
near,tractor,2956,truck,automobile,-8.85496,-5.77559,3.07937,8.85496,0.998558,automobile/truck,plausible
near,camel,2948,deer,horse,-8.85034,-5.77559,3.07474,8.85034,0.994744,horse/deer,plausible
near,camel,5664,dog,horse,-8.84718,-5.77559,3.07159,8.84718,0.998766,horse/deer,surprising
near,fox,1698,deer,dog,-8.8336,-5.77559,3.05801,8.8336,0.999265,dog/cat,surprising
near,leopard,6401,frog,deer,-8.83106,-5.77559,3.05547,8.83106,0.999021,cat,surprising
far,mushroom,1196,frog,bird,-8.8283,-5.77559,3.05271,8.8283,0.996544,-,surprising
far,chair,2577,deer,horse,-8.82578,-5.77559,3.05019,8.82578,0.994311,-,surprising
near,tractor,9203,truck,automobile,-8.82514,-5.77559,3.04955,8.82514,0.998463,automobile/truck,plausible
far,wardrobe,3378,cat,truck,-8.82402,-5.77559,3.04843,8.82402,0.996594,-,surprising
near,wolf,3886,dog,deer,-8.81466,-5.77559,3.03907,8.81466,0.999268,dog,plausible
far,wardrobe,4208,truck,cat,-8.81208,-5.77559,3.03649,8.81208,0.997167,-,surprising
near,wolf,3538,dog,cat,-8.81095,-5.77559,3.03536,8.81095,0.998782,dog,plausible
near,wolf,939,cat,dog,-8.80108,-5.77559,3.02549,8.80108,0.989607,dog,surprising
far,sunflower,3386,cat,bird,-8.801,-5.77559,3.02541,8.801,0.998644,-,surprising
far,keyboard,7868,airplane,cat,-8.78149,-5.77559,3.0059,8.78149,0.998291,-,surprising
near,pickup_truck,8455,automobile,truck,-8.7812,-5.77559,3.00561,8.7812,0.998996,automobile/truck,plausible
far,sunflower,9433,bird,deer,-8.77217,-5.77559,2.99658,8.77217,0.997247,-,surprising
near,tractor,5495,truck,horse,-8.75705,-5.77559,2.98146,8.75705,0.999121,automobile/truck,plausible
near,leopard,3567,dog,cat,-8.71974,-5.77559,2.94415,8.71974,0.998529,cat,surprising
far,bottle,6899,ship,truck,-8.71652,-5.77559,2.94093,8.71652,0.999164,-,surprising
near,pickup_truck,4881,automobile,truck,-8.70469,-5.77559,2.9291,8.70469,0.996487,automobile/truck,plausible
near,wolf,8713,dog,cat,-8.70334,-5.77559,2.92774,8.70334,0.999093,dog,plausible
far,keyboard,3247,truck,cat,-8.70073,-5.77559,2.92514,8.70073,0.997917,-,surprising
far,sunflower,976,truck,cat,-8.68726,-5.77559,2.91167,8.68726,0.999013,-,surprising
far,wardrobe,7469,truck,cat,-8.68158,-5.77559,2.90598,8.68158,0.994213,-,surprising
near,wolf,8418,cat,dog,-8.67576,-5.77559,2.90017,8.67576,0.996823,dog,surprising
near,motorcycle,7109,automobile,truck,-8.66108,-5.77559,2.88549,8.66108,0.980968,automobile/truck,plausible
far,mushroom,3636,cat,bird,-8.66089,-5.77559,2.88529,8.66089,0.990658,-,surprising
near,tractor,2624,truck,airplane,-8.65308,-5.77559,2.87749,8.65308,0.998971,automobile/truck,plausible
near,pickup_truck,9377,automobile,truck,-8.65116,-5.77559,2.87556,8.65116,0.996472,automobile/truck,plausible
near,wolf,5291,dog,cat,-8.64638,-5.77559,2.87079,8.64638,0.997129,dog,plausible
near,pickup_truck,7119,truck,automobile,-8.64596,-5.77559,2.87037,8.64596,0.996437,automobile/truck,plausible
near,leopard,9612,frog,cat,-8.63686,-5.77559,2.86127,8.63686,0.998853,cat,surprising
near,bus,6712,truck,ship,-8.62147,-5.77559,2.84588,8.62147,0.994265,automobile/truck,plausible
near,bus,8126,automobile,truck,-8.62025,-5.77559,2.84466,8.62025,0.992561,automobile/truck,plausible
near,motorcycle,5572,automobile,truck,-8.61655,-5.77559,2.84096,8.61655,0.995977,automobile/truck,plausible
far,wardrobe,1944,truck,cat,-8.6113,-5.77559,2.8357,8.6113,0.994043,-,surprising
far,wardrobe,6413,truck,cat,-8.6057,-5.77559,2.83011,8.6057,0.98962,-,surprising
near,wolf,2842,cat,deer,-8.60478,-5.77559,2.82919,8.60478,0.99767,dog,surprising
near,pickup_truck,5715,automobile,truck,-8.59384,-5.77559,2.81825,8.59384,0.995208,automobile/truck,plausible
far,mushroom,7632,frog,cat,-8.59074,-5.77559,2.81515,8.59074,0.998556,-,surprising
near,pickup_truck,9662,automobile,truck,-8.58426,-5.77559,2.80867,8.58426,0.99809,automobile/truck,plausible
far,sunflower,8867,airplane,truck,-8.58232,-5.77559,2.80673,8.58232,0.999001,-,surprising
near,tractor,6430,truck,ship,-8.57508,-5.77559,2.79949,8.57508,0.991084,automobile/truck,plausible
near,wolf,6132,cat,dog,-8.56131,-5.77559,2.78572,8.56131,0.997827,dog,surprising
near,fox,1133,deer,cat,-8.5588,-5.77559,2.7832,8.5588,0.998553,dog/cat,surprising
far,keyboard,1495,cat,bird,-8.55432,-5.77559,2.77872,8.55432,0.996531,-,surprising
near,camel,540,deer,bird,-8.5509,-5.77559,2.77531,8.5509,0.983395,horse/deer,plausible
far,chair,7543,truck,automobile,-8.54449,-5.77559,2.7689,8.54449,0.998656,-,surprising
far,chair,6245,airplane,horse,-8.54152,-5.77559,2.76593,8.54152,0.999091,-,surprising
near,wolf,3731,dog,cat,-8.53655,-5.77559,2.76095,8.53655,0.998625,dog,plausible
far,wardrobe,5428,truck,ship,-8.53554,-5.77559,2.75995,8.53554,0.997392,-,surprising
near,wolf,4602,dog,cat,-8.52943,-5.77559,2.75384,8.52943,0.996927,dog,plausible
near,bus,822,truck,automobile,-8.52534,-5.77559,2.74975,8.52534,0.980117,automobile/truck,plausible
near,leopard,6395,frog,bird,-8.52135,-5.77559,2.74576,8.52135,0.997964,cat,surprising
far,wardrobe,328,truck,cat,-8.5191,-5.77559,2.74351,8.5191,0.99846,-,surprising
near,pickup_truck,4316,truck,automobile,-8.51753,-5.77559,2.74194,8.51753,0.993229,automobile/truck,plausible
far,mushroom,7619,cat,frog,-8.51418,-5.77559,2.73859,8.51418,0.998383,-,surprising
near,leopard,2570,cat,deer,-8.50409,-5.77559,2.7285,8.50409,0.998072,cat,plausible
far,wardrobe,194,cat,ship,-8.49079,-5.77559,2.7152,8.49079,0.997727,-,surprising
near,tractor,6807,truck,automobile,-8.48129,-5.77559,2.7057,8.48129,0.99894,automobile/truck,plausible
near,bus,3947,truck,horse,-8.47988,-5.77559,2.70429,8.47988,0.998098,automobile/truck,plausible
far,mushroom,3337,bird,cat,-8.47483,-5.77559,2.69924,8.47483,0.997512,-,surprising
far,mushroom,5646,bird,cat,-8.46793,-5.77559,2.69234,8.46793,0.998055,-,surprising
far,chair,6943,airplane,cat,-8.46619,-5.77559,2.69059,8.46619,0.998678,-,surprising
far,bottle,5993,cat,truck,-8.46191,-5.77559,2.68632,8.46191,0.997177,-,surprising
near,bus,5064,truck,ship,-8.45871,-5.77559,2.68312,8.45871,0.998312,automobile/truck,plausible
far,sunflower,9775,bird,airplane,-8.45808,-5.77559,2.68249,8.45808,0.998549,-,surprising
far,wardrobe,6809,truck,cat,-8.45612,-5.77559,2.68053,8.45612,0.988926,-,surprising
far,wardrobe,2915,truck,cat,-8.45427,-5.77559,2.67868,8.45427,0.994282,-,surprising
far,bowl,77,truck,automobile,-8.44747,-5.77559,2.67188,8.44747,0.995504,-,surprising
far,mushroom,1820,frog,bird,-8.44734,-5.77559,2.67175,8.44734,0.997378,-,surprising
near,bus,1143,truck,airplane,-8.44003,-5.77559,2.66444,8.44003,0.998509,automobile/truck,plausible
far,clock,4475,cat,automobile,-8.43525,-5.77559,2.65966,8.43525,0.992151,-,surprising
far,mushroom,5838,frog,deer,-8.4308,-5.77559,2.65521,8.4308,0.998195,-,surprising
near,pickup_truck,4821,automobile,truck,-8.41786,-5.77559,2.64227,8.41786,0.997469,automobile/truck,plausible
near,camel,900,deer,horse,-8.41703,-5.77559,2.64144,8.41703,0.998651,horse/deer,plausible
near,camel,9110,horse,deer,-8.41588,-5.77559,2.64029,8.41588,0.997552,horse/deer,plausible
near,leopard,8324,cat,deer,-8.41344,-5.77559,2.63785,8.41344,0.997097,cat,plausible
near,tractor,283,truck,automobile,-8.4088,-5.77559,2.63321,8.4088,0.999014,automobile/truck,plausible
far,wardrobe,797,truck,ship,-8.40823,-5.77559,2.63264,8.40823,0.997694,-,surprising
near,tractor,3532,truck,automobile,-8.40266,-5.77559,2.62706,8.40266,0.998737,automobile/truck,plausible
near,motorcycle,3054,airplane,automobile,-8.39276,-5.77559,2.61717,8.39276,0.996122,automobile/truck,surprising
near,pickup_truck,5317,automobile,truck,-8.38557,-5.77559,2.60998,8.38557,0.990513,automobile/truck,plausible
far,chair,2086,airplane,cat,-8.38034,-5.77559,2.60475,8.38034,0.997327,-,surprising
near,wolf,17,cat,dog,-8.37555,-5.77559,2.59996,8.37555,0.964505,dog,surprising
near,leopard,952,cat,frog,-8.36057,-5.77559,2.58498,8.36057,0.996899,cat,plausible
far,clock,4174,cat,frog,-8.36019,-5.77559,2.58459,8.36019,0.985332,-,surprising
far,clock,9303,automobile,cat,-8.35644,-5.77559,2.58085,8.35644,0.997854,-,surprising
far,wardrobe,4382,cat,truck,-8.35468,-5.77559,2.57909,8.35468,0.998319,-,surprising
far,keyboard,1052,cat,bird,-8.35383,-5.77559,2.57824,8.35383,0.996425,-,surprising
near,wolf,255,dog,cat,-8.35013,-5.77559,2.57454,8.35013,0.981513,dog,plausible
near,leopard,1994,frog,deer,-8.34844,-5.77559,2.57285,8.34844,0.997781,cat,surprising
far,wardrobe,3924,truck,cat,-8.34572,-5.77559,2.57013,8.34572,0.987614,-,surprising
far,wardrobe,4087,truck,cat,-8.34365,-5.77559,2.56806,8.34365,0.993976,-,surprising
far,clock,9533,bird,cat,-8.33549,-5.77559,2.5599,8.33549,0.992707,-,surprising
near,pickup_truck,2012,truck,automobile,-8.3332,-5.77559,2.55761,8.3332,0.996181,automobile/truck,plausible
near,bus,9252,truck,ship,-8.3307,-5.77559,2.55511,8.3307,0.975507,automobile/truck,plausible
far,wardrobe,8531,truck,cat,-8.32602,-5.77559,2.55043,8.32602,0.996654,-,surprising
near,bus,2698,automobile,truck,-8.32279,-5.77559,2.5472,8.32279,0.993956,automobile/truck,plausible
far,bowl,318,cat,dog,-8.32001,-5.77559,2.54442,8.32001,0.997625,-,surprising
near,motorcycle,5486,automobile,horse,-8.31773,-5.77559,2.54214,8.31773,0.997607,automobile/truck,plausible
near,bus,9572,truck,airplane,-8.30921,-5.77559,2.53361,8.30921,0.997825,automobile/truck,plausible
near,bus,4468,truck,automobile,-8.30876,-5.77559,2.53317,8.30876,0.989235,automobile/truck,plausible
near,bus,7812,truck,automobile,-8.30563,-5.77559,2.53004,8.30563,0.996432,automobile/truck,plausible
near,pickup_truck,2321,automobile,ship,-8.29778,-5.77559,2.52218,8.29778,0.998913,automobile/truck,plausible
near,pickup_truck,1327,automobile,truck,-8.28686,-5.77559,2.51127,8.28686,0.995805,automobile/truck,plausible
near,bus,9815,automobile,truck,-8.2847,-5.77559,2.50911,8.2847,0.996264,automobile/truck,plausible
near,leopard,58,cat,frog,-8.28399,-5.77559,2.50839,8.28399,0.997358,cat,plausible
near,pickup_truck,5437,automobile,truck,-8.27923,-5.77559,2.50364,8.27923,0.993852,automobile/truck,plausible
near,tractor,5696,truck,ship,-8.27504,-5.77559,2.49945,8.27504,0.997819,automobile/truck,plausible
far,wardrobe,3705,truck,cat,-8.26958,-5.77559,2.49399,8.26958,0.997522,-,surprising
near,fox,3823,cat,dog,-8.26842,-5.77559,2.49283,8.26842,0.994231,dog/cat,plausible
near,leopard,3549,deer,cat,-8.26726,-5.77559,2.49166,8.26726,0.992397,cat,surprising
near,bus,4998,truck,automobile,-8.26161,-5.77559,2.48602,8.26161,0.99525,automobile/truck,plausible
near,fox,4889,horse,deer,-8.25084,-5.77559,2.47525,8.25084,0.998855,dog/cat,surprising
far,chair,5683,airplane,horse,-8.24729,-5.77559,2.4717,8.24729,0.996765,-,surprising
far,chair,1525,airplane,truck,-8.2192,-5.77559,2.44361,8.2192,0.991451,-,surprising
near,camel,6778,dog,horse,-8.21885,-5.77559,2.44326,8.21885,0.996347,horse/deer,surprising
far,keyboard,5940,cat,airplane,-8.20529,-5.77559,2.42969,8.20529,0.997384,-,surprising
near,camel,2145,deer,horse,-8.20468,-5.77559,2.42909,8.20468,0.972165,horse/deer,plausible
near,leopard,7772,deer,cat,-8.19577,-5.77559,2.42018,8.19577,0.998422,cat,surprising
far,bottle,6440,truck,cat,-8.19124,-5.77559,2.41565,8.19124,0.975153,-,surprising
near,camel,1510,deer,bird,-8.17948,-5.77559,2.40389,8.17948,0.975735,horse/deer,plausible
far,sunflower,2831,frog,truck,-8.17126,-5.77559,2.39567,8.17126,0.997571,-,surprising
near,pickup_truck,9030,truck,automobile,-8.16437,-5.77559,2.38878,8.16437,0.996719,automobile/truck,plausible
near,fox,7248,dog,cat,-8.16291,-5.77559,2.38732,8.16291,0.997257,dog/cat,plausible
far,chair,4186,airplane,bird,-8.15436,-5.77559,2.37877,8.15436,0.986892,-,surprising
far,keyboard,8406,airplane,automobile,-8.15131,-5.77559,2.37572,8.15131,0.993852,-,surprising
near,wolf,9317,cat,dog,-8.15064,-5.77559,2.37505,8.15064,0.996071,dog,surprising
near,fox,6545,deer,cat,-8.14491,-5.77559,2.36932,8.14491,0.998315,dog/cat,surprising
near,bus,5015,truck,automobile,-8.1336,-5.77559,2.358,8.1336,0.991678,automobile/truck,plausible
far,chair,2152,bird,cat,-8.12379,-5.77559,2.3482,8.12379,0.997767,-,surprising
near,wolf,5781,cat,dog,-8.11928,-5.77559,2.34369,8.11928,0.998001,dog,surprising
near,leopard,5316,cat,bird,-8.11727,-5.77559,2.34168,8.11727,0.988709,cat,plausible
far,sunflower,6388,cat,bird,-8.07699,-5.77559,2.3014,8.07699,0.977652,-,surprising
far,chair,3293,airplane,truck,-8.07428,-5.77559,2.29869,8.07428,0.997708,-,surprising
near,wolf,2835,dog,cat,-8.06957,-5.77559,2.29398,8.06957,0.997227,dog,plausible
far,clock,5414,cat,horse,-8.06836,-5.77559,2.29277,8.06836,0.995363,-,surprising
far,wardrobe,1415,truck,cat,-8.06596,-5.77559,2.29037,8.06596,0.992975,-,surprising
near,pickup_truck,8966,automobile,truck,-8.0572,-5.77559,2.28161,8.0572,0.993445,automobile/truck,plausible
far,mushroom,6558,bird,deer,-8.05134,-5.77559,2.27575,8.05134,0.988871,-,surprising
far,bowl,163,automobile,airplane,-8.04587,-5.77559,2.27028,8.04587,0.997931,-,surprising
far,keyboard,6543,truck,cat,-8.03845,-5.77559,2.26286,8.03845,0.989541,-,surprising
near,leopard,5905,frog,bird,-8.0376,-5.77559,2.26201,8.0376,0.997529,cat,surprising
far,wardrobe,7607,truck,cat,-8.03299,-5.77559,2.2574,8.03299,0.966663,-,surprising
near,leopard,7427,cat,airplane,-8.02783,-5.77559,2.25224,8.02783,0.997579,cat,plausible
near,wolf,2340,cat,dog,-8.02543,-5.77559,2.24984,8.02543,0.994926,dog,surprising
far,sunflower,8475,bird,dog,-8.02322,-5.77559,2.24763,8.02322,0.995531,-,surprising
far,wardrobe,8740,cat,dog,-8.02141,-5.77559,2.24582,8.02141,0.996847,-,surprising
near,pickup_truck,9429,automobile,truck,-8.02062,-5.77559,2.24503,8.02062,0.986993,automobile/truck,plausible
far,clock,1982,automobile,ship,-8.01606,-5.77559,2.24047,8.01606,0.971145,-,surprising
near,tractor,2911,ship,horse,-8.00997,-5.77559,2.23438,8.00997,0.997784,automobile/truck,surprising
far,bottle,5810,ship,automobile,-8.00945,-5.77559,2.23386,8.00945,0.997283,-,surprising
near,wolf,3613,dog,deer,-8.00097,-5.77559,2.22538,8.00097,0.992527,dog,plausible
near,fox,338,dog,cat,-8.00069,-5.77559,2.2251,8.00069,0.952817,dog/cat,plausible
near,wolf,7752,cat,dog,-7.99102,-5.77559,2.21543,7.99102,0.997844,dog,surprising
near,pickup_truck,8219,automobile,truck,-7.98735,-5.77559,2.21176,7.98735,0.997961,automobile/truck,plausible
near,pickup_truck,4387,truck,automobile,-7.98591,-5.77559,2.21032,7.98591,0.994413,automobile/truck,plausible
near,leopard,6924,frog,cat,-7.98019,-5.77559,2.2046,7.98019,0.997588,cat,surprising
far,chair,30,airplane,cat,-7.97788,-5.77559,2.20229,7.97788,0.996477,-,surprising
near,camel,4234,deer,horse,-7.97221,-5.77559,2.19662,7.97221,0.992966,horse/deer,plausible
far,wardrobe,1641,truck,cat,-7.96826,-5.77559,2.19267,7.96826,0.991456,-,surprising
near,tractor,7884,ship,airplane,-7.94457,-5.77559,2.16898,7.94457,0.997371,automobile/truck,surprising
near,tractor,3177,truck,cat,-7.93802,-5.77559,2.16243,7.93802,0.997152,automobile/truck,plausible
near,camel,1060,horse,bird,-7.93537,-5.77559,2.15978,7.93537,0.997266,horse/deer,plausible
near,tractor,9288,truck,ship,-7.92178,-5.77559,2.14619,7.92178,0.998329,automobile/truck,plausible
far,bottle,6602,ship,airplane,-7.92036,-5.77559,2.14477,7.92036,0.997689,-,surprising
near,pickup_truck,36,truck,automobile,-7.91558,-5.77559,2.13999,7.91558,0.997712,automobile/truck,plausible
far,wardrobe,5643,truck,cat,-7.91323,-5.77559,2.13764,7.91323,0.994081,-,surprising
near,leopard,8904,frog,bird,-7.91095,-5.77559,2.13536,7.91095,0.975954,cat,surprising
far,keyboard,9766,cat,ship,-7.90462,-5.77559,2.12903,7.90462,0.993393,-,surprising
near,pickup_truck,9504,truck,automobile,-7.89971,-5.77559,2.12412,7.89971,0.996537,automobile/truck,plausible
near,tractor,5445,truck,automobile,-7.89613,-5.77559,2.12054,7.89613,0.989219,automobile/truck,plausible
far,chair,2965,airplane,horse,-7.89452,-5.77559,2.11893,7.89452,0.997701,-,surprising
far,sunflower,8616,bird,cat,-7.88802,-5.77559,2.11243,7.88802,0.987213,-,surprising
near,wolf,1026,dog,cat,-7.88753,-5.77559,2.11194,7.88753,0.995055,dog,plausible
far,mushroom,9847,bird,deer,-7.88298,-5.77559,2.10739,7.88298,0.961798,-,surprising
far,keyboard,6131,truck,airplane,-7.87699,-5.77559,2.1014,7.87699,0.994455,-,surprising
far,sunflower,788,bird,truck,-7.86593,-5.77559,2.09034,7.86593,0.997093,-,surprising
near,camel,2946,dog,deer,-7.84174,-5.77559,2.06615,7.84174,0.99618,horse/deer,surprising
near,tractor,2029,truck,deer,-7.84077,-5.77559,2.06518,7.84077,0.997758,automobile/truck,plausible
near,fox,6469,deer,frog,-7.83563,-5.77559,2.06004,7.83563,0.980296,dog/cat,surprising
near,fox,2349,deer,cat,-7.82634,-5.77559,2.05075,7.82634,0.976893,dog/cat,surprising
near,tractor,9259,truck,ship,-7.82458,-5.77559,2.04899,7.82458,0.995964,automobile/truck,plausible
far,clock,1163,airplane,cat,-7.82329,-5.77559,2.0477,7.82329,0.997015,-,surprising
near,motorcycle,5430,truck,automobile,-7.81902,-5.77559,2.04343,7.81902,0.990719,automobile/truck,plausible
near,wolf,7308,dog,cat,-7.81698,-5.77559,2.04139,7.81698,0.990275,dog,plausible
near,wolf,7375,cat,dog,-7.81288,-5.77559,2.03729,7.81288,0.994835,dog,surprising
near,pickup_truck,1212,automobile,truck,-7.81064,-5.77559,2.03505,7.81064,0.991121,automobile/truck,plausible
near,motorcycle,3558,automobile,frog,-7.79875,-5.77559,2.02316,7.79875,0.996715,automobile/truck,plausible
near,pickup_truck,2421,truck,automobile,-7.79567,-5.77559,2.02008,7.79567,0.994425,automobile/truck,plausible
near,camel,8834,dog,bird,-7.79227,-5.77559,2.01668,7.79227,0.992752,horse/deer,surprising
near,tractor,3913,truck,cat,-7.78221,-5.77559,2.00662,7.78221,0.994379,automobile/truck,plausible
near,camel,1588,dog,bird,-7.78094,-5.77559,2.00535,7.78094,0.984571,horse/deer,surprising
near,fox,7621,deer,cat,-7.7801,-5.77559,2.00451,7.7801,0.985136,dog/cat,surprising
far,mushroom,5944,cat,deer,-7.77946,-5.77559,2.00387,7.77946,0.994788,-,surprising
near,wolf,6178,dog,cat,-7.7754,-5.77559,1.99981,7.7754,0.996813,dog,plausible
near,motorcycle,5175,truck,automobile,-7.77406,-5.77559,1.99847,7.77406,0.990526,automobile/truck,plausible
near,tractor,1976,truck,cat,-7.77308,-5.77559,1.99749,7.77308,0.997162,automobile/truck,plausible
near,bus,8663,truck,automobile,-7.77023,-5.77559,1.99464,7.77023,0.996009,automobile/truck,plausible
near,pickup_truck,8165,automobile,truck,-7.76487,-5.77559,1.98928,7.76487,0.966516,automobile/truck,plausible
far,sunflower,5742,frog,truck,-7.76476,-5.77559,1.98917,7.76476,0.991919,-,surprising
far,bottle,3232,ship,truck,-7.76182,-5.77559,1.98623,7.76182,0.997255,-,surprising
far,clock,6490,automobile,ship,-7.74263,-5.77559,1.96703,7.74263,0.994098,-,surprising
near,fox,1498,cat,frog,-7.72869,-5.77559,1.9531,7.72869,0.995305,dog/cat,plausible
near,leopard,8334,frog,cat,-7.72361,-5.77559,1.94802,7.72361,0.994131,cat,surprising
far,clock,8572,automobile,ship,-7.72249,-5.77559,1.9469,7.72249,0.980564,-,surprising
near,wolf,2064,dog,deer,-7.71436,-5.77559,1.93877,7.71436,0.994424,dog,plausible
far,mushroom,3305,frog,automobile,-7.70969,-5.77559,1.9341,7.70969,0.99588,-,surprising
near,leopard,1084,deer,cat,-7.7034,-5.77559,1.92781,7.7034,0.989285,cat,surprising
near,tractor,321,truck,automobile,-7.69984,-5.77559,1.92425,7.69984,0.997151,automobile/truck,plausible
near,camel,2051,horse,cat,-7.6958,-5.77559,1.92021,7.6958,0.984545,horse/deer,plausible
far,mushroom,5354,bird,deer,-7.69387,-5.77559,1.91827,7.69387,0.986272,-,surprising
near,wolf,4378,dog,cat,-7.68347,-5.77559,1.90788,7.68347,0.900554,dog,plausible
near,camel,6475,horse,bird,-7.68074,-5.77559,1.90515,7.68074,0.992716,horse/deer,plausible
near,motorcycle,6547,automobile,cat,-7.6767,-5.77559,1.90111,7.6767,0.99684,automobile/truck,plausible
near,leopard,6735,cat,frog,-7.6765,-5.77559,1.9009,7.6765,0.993162,cat,plausible
near,pickup_truck,3630,truck,automobile,-7.67586,-5.77559,1.90027,7.67586,0.98224,automobile/truck,plausible
near,leopard,1570,cat,frog,-7.67551,-5.77559,1.89992,7.67551,0.993176,cat,plausible
near,pickup_truck,5568,truck,automobile,-7.67197,-5.77559,1.89638,7.67197,0.983314,automobile/truck,plausible
near,bus,4426,automobile,truck,-7.67133,-5.77559,1.89574,7.67133,0.993778,automobile/truck,plausible
far,wardrobe,9307,cat,truck,-7.6677,-5.77559,1.89211,7.6677,0.996767,-,surprising
far,bottle,1562,bird,ship,-7.66332,-5.77559,1.88773,7.66332,0.996907,-,surprising
near,wolf,8407,cat,dog,-7.66009,-5.77559,1.8845,7.66009,0.990378,dog,surprising
far,keyboard,1642,airplane,truck,-7.65825,-5.77559,1.88266,7.65825,0.991308,-,surprising
far,wardrobe,5587,truck,cat,-7.65554,-5.77559,1.87995,7.65554,0.996547,-,surprising
far,chair,2576,airplane,truck,-7.65107,-5.77559,1.87548,7.65107,0.98602,-,surprising
far,keyboard,5659,truck,bird,-7.64331,-5.77559,1.86772,7.64331,0.997042,-,surprising
far,wardrobe,3853,truck,cat,-7.64161,-5.77559,1.86602,7.64161,0.800609,-,surprising
near,wolf,1752,cat,deer,-7.6413,-5.77559,1.8657,7.6413,0.991584,dog,surprising
near,fox,4003,deer,cat,-7.64108,-5.77559,1.86549,7.64108,0.985233,dog/cat,surprising
far,bottle,1899,cat,bird,-7.63853,-5.77559,1.86294,7.63853,0.992478,-,surprising
near,leopard,9238,frog,deer,-7.63702,-5.77559,1.86143,7.63702,0.991214,cat,surprising
near,fox,3608,cat,deer,-7.63041,-5.77559,1.85482,7.63041,0.993863,dog/cat,plausible
near,bus,3868,automobile,truck,-7.62993,-5.77559,1.85434,7.62993,0.964652,automobile/truck,plausible
near,wolf,9965,dog,cat,-7.62966,-5.77559,1.85407,7.62966,0.99246,dog,plausible
far,keyboard,5777,airplane,bird,-7.6232,-5.77559,1.84761,7.6232,0.997676,-,surprising
far,mushroom,433,deer,bird,-7.62071,-5.77559,1.84512,7.62071,0.994827,-,surprising
near,camel,3319,dog,horse,-7.61933,-5.77559,1.84374,7.61933,0.988568,horse/deer,surprising
far,bowl,4471,frog,automobile,-7.61669,-5.77559,1.8411,7.61669,0.990901,-,surprising
far,bottle,9357,ship,bird,-7.61433,-5.77559,1.83874,7.61433,0.995674,-,surprising
far,bowl,7784,cat,frog,-7.61229,-5.77559,1.8367,7.61229,0.977025,-,surprising
near,bus,8596,truck,automobile,-7.60366,-5.77559,1.82807,7.60366,0.984989,automobile/truck,plausible
near,camel,6616,dog,cat,-7.59276,-5.77559,1.81717,7.59276,0.997483,horse/deer,surprising
near,pickup_truck,578,automobile,truck,-7.58106,-5.77559,1.80547,7.58106,0.990826,automobile/truck,plausible
near,fox,2756,cat,dog,-7.57701,-5.77559,1.80142,7.57701,0.985818,dog/cat,plausible
near,fox,3607,deer,dog,-7.57674,-5.77559,1.80115,7.57674,0.99338,dog/cat,surprising
near,fox,8405,deer,horse,-7.57477,-5.77559,1.79918,7.57477,0.984126,dog/cat,surprising
near,tractor,921,truck,automobile,-7.56902,-5.77559,1.79343,7.56902,0.995834,automobile/truck,plausible
near,fox,4621,deer,frog,-7.56732,-5.77559,1.79173,7.56732,0.983272,dog/cat,surprising
far,mushroom,168,bird,cat,-7.557,-5.77559,1.7814,7.557,0.993534,-,surprising
near,bus,9930,truck,automobile,-7.55636,-5.77559,1.78077,7.55636,0.952112,automobile/truck,plausible
far,sunflower,8736,bird,cat,-7.55145,-5.77559,1.77586,7.55145,0.991648,-,surprising
far,chair,3186,airplane,cat,-7.54854,-5.77559,1.77295,7.54854,0.995788,-,surprising
near,wolf,4470,cat,dog,-7.5446,-5.77559,1.76901,7.5446,0.994921,dog,surprising
near,motorcycle,6343,truck,automobile,-7.54394,-5.77559,1.76835,7.54394,0.992966,automobile/truck,plausible
far,clock,6269,cat,ship,-7.5431,-5.77559,1.7675,7.5431,0.990999,-,surprising
far,clock,7933,truck,automobile,-7.54211,-5.77559,1.76652,7.54211,0.985842,-,surprising
near,tractor,2871,truck,ship,-7.54195,-5.77559,1.76636,7.54195,0.994656,automobile/truck,plausible
near,leopard,1771,deer,cat,-7.53813,-5.77559,1.76254,7.53813,0.958928,cat,surprising
near,leopard,4320,cat,ship,-7.5342,-5.77559,1.75861,7.5342,0.98699,cat,plausible
far,chair,4847,bird,cat,-7.53361,-5.77559,1.75802,7.53361,0.992346,-,surprising
near,camel,5249,dog,cat,-7.52642,-5.77559,1.75083,7.52642,0.977188,horse/deer,surprising
near,tractor,2992,ship,truck,-7.5254,-5.77559,1.74981,7.5254,0.984216,automobile/truck,surprising
far,mushroom,963,deer,frog,-7.5232,-5.77559,1.74761,7.5232,0.970339,-,surprising
near,fox,2435,cat,dog,-7.52281,-5.77559,1.74722,7.52281,0.975033,dog/cat,plausible
far,mushroom,3352,bird,deer,-7.51661,-5.77559,1.74102,7.51661,0.993505,-,surprising
near,fox,6816,dog,cat,-7.4809,-5.77559,1.70531,7.4809,0.995874,dog/cat,plausible
near,camel,1687,dog,deer,-7.48019,-5.77559,1.7046,7.48019,0.988657,horse/deer,surprising
far,bottle,9967,dog,truck,-7.46206,-5.77559,1.68647,7.46206,0.990327,-,surprising
near,camel,5293,horse,dog,-7.46,-5.77559,1.68441,7.46,0.963971,horse/deer,plausible
far,wardrobe,7694,cat,ship,-7.45921,-5.77559,1.68362,7.45921,0.994334,-,surprising
near,motorcycle,8627,automobile,truck,-7.44709,-5.77559,1.6715,7.44709,0.988336,automobile/truck,plausible
near,motorcycle,1463,automobile,cat,-7.44182,-5.77559,1.66623,7.44182,0.974785,automobile/truck,plausible
near,camel,8604,deer,bird,-7.43805,-5.77559,1.66246,7.43805,0.966805,horse/deer,plausible
near,bus,9546,truck,ship,-7.43791,-5.77559,1.66232,7.43791,0.973768,automobile/truck,plausible
far,clock,4321,truck,airplane,-7.43443,-5.77559,1.65884,7.43443,0.994545,-,surprising
near,leopard,6409,cat,deer,-7.43375,-5.77559,1.65816,7.43375,0.993703,cat,plausible
near,tractor,9807,automobile,truck,-7.42903,-5.77559,1.65344,7.42903,0.971163,automobile/truck,plausible
far,sunflower,5861,frog,bird,-7.41839,-5.77559,1.6428,7.41839,0.990217,-,surprising
near,pickup_truck,8693,automobile,truck,-7.41374,-5.77559,1.63815,7.41374,0.956392,automobile/truck,plausible
far,bowl,3952,dog,cat,-7.41229,-5.77559,1.6367,7.41229,0.991912,-,surprising
far,mushroom,8549,frog,dog,-7.40779,-5.77559,1.6322,7.40779,0.995217,-,surprising
far,wardrobe,2715,truck,cat,-7.37073,-5.77559,1.59514,7.37073,0.957389,-,surprising
near,tractor,5189,automobile,truck,-7.36887,-5.77559,1.59328,7.36887,0.982603,automobile/truck,plausible
near,motorcycle,354,automobile,frog,-7.36709,-5.77559,1.5915,7.36709,0.985511,automobile/truck,plausible
near,pickup_truck,5129,automobile,truck,-7.36698,-5.77559,1.59139,7.36698,0.873137,automobile/truck,plausible
far,wardrobe,4034,truck,cat,-7.36271,-5.77559,1.58712,7.36271,0.925564,-,surprising
near,leopard,5819,cat,truck,-7.36068,-5.77559,1.58509,7.36068,0.99343,cat,plausible
near,wolf,471,cat,frog,-7.3599,-5.77559,1.58431,7.3599,0.987006,dog,surprising
near,bus,6791,ship,airplane,-7.35978,-5.77559,1.58419,7.35978,0.98917,automobile/truck,surprising
far,wardrobe,5082,truck,cat,-7.34364,-5.77559,1.56805,7.34364,0.765244,-,surprising
far,bottle,6472,ship,bird,-7.34303,-5.77559,1.56744,7.34303,0.968724,-,surprising
near,tractor,8580,truck,ship,-7.34121,-5.77559,1.56562,7.34121,0.96742,automobile/truck,plausible
far,clock,451,ship,cat,-7.33587,-5.77559,1.56028,7.33587,0.92417,-,surprising
far,chair,3568,bird,deer,-7.32602,-5.77559,1.55043,7.32602,0.994506,-,surprising
near,tractor,6866,truck,horse,-7.32109,-5.77559,1.5455,7.32109,0.991701,automobile/truck,plausible
far,wardrobe,5565,cat,deer,-7.31559,-5.77559,1.53999,7.31559,0.984764,-,surprising
near,pickup_truck,7570,truck,automobile,-7.29849,-5.77559,1.52289,7.29849,0.876892,automobile/truck,plausible
far,wardrobe,4466,truck,cat,-7.29207,-5.77559,1.51648,7.29207,0.862358,-,surprising
far,bottle,4077,cat,horse,-7.28955,-5.77559,1.51396,7.28955,0.992276,-,surprising
near,fox,7973,cat,deer,-7.27864,-5.77559,1.50305,7.27864,0.994589,dog/cat,plausible
far,mushroom,8701,dog,cat,-7.27681,-5.77559,1.50122,7.27681,0.938281,-,surprising
far,bottle,1514,ship,cat,-7.27161,-5.77559,1.49602,7.27161,0.98299,-,surprising
near,wolf,8634,cat,frog,-7.2712,-5.77559,1.49561,7.2712,0.977306,dog,surprising
far,keyboard,8233,dog,automobile,-7.26707,-5.77559,1.49148,7.26707,0.99556,-,surprising
near,leopard,7367,cat,frog,-7.26608,-5.77559,1.49049,7.26608,0.981038,cat,plausible
near,pickup_truck,3933,automobile,truck,-7.26272,-5.77559,1.48713,7.26272,0.983668,automobile/truck,plausible
far,clock,5690,airplane,ship,-7.25595,-5.77559,1.48036,7.25595,0.991547,-,surprising
near,wolf,6746,cat,dog,-7.25584,-5.77559,1.48025,7.25584,0.930538,dog,surprising
far,bottle,5686,cat,automobile,-7.25178,-5.77559,1.47619,7.25178,0.989572,-,surprising
near,wolf,6433,cat,dog,-7.24714,-5.77559,1.47155,7.24714,0.978367,dog,surprising
near,tractor,7507,truck,frog,-7.24445,-5.77559,1.46886,7.24445,0.98723,automobile/truck,plausible
near,tractor,995,truck,automobile,-7.23856,-5.77559,1.46297,7.23856,0.99513,automobile/truck,plausible
near,fox,242,horse,frog,-7.23674,-5.77559,1.46115,7.23674,0.990627,dog/cat,surprising
near,pickup_truck,1145,automobile,truck,-7.22622,-5.77559,1.45063,7.22622,0.724133,automobile/truck,plausible
near,fox,4004,cat,deer,-7.22427,-5.77559,1.44868,7.22427,0.942714,dog/cat,plausible
far,wardrobe,7437,truck,cat,-7.22372,-5.77559,1.44813,7.22372,0.947251,-,surprising
near,motorcycle,3732,truck,horse,-7.2174,-5.77559,1.44181,7.2174,0.981883,automobile/truck,plausible
near,leopard,9406,cat,frog,-7.2085,-5.77559,1.43291,7.2085,0.954378,cat,plausible
near,fox,7279,cat,truck,-7.20587,-5.77559,1.43028,7.20587,0.992814,dog/cat,plausible
far,chair,9600,airplane,bird,-7.20575,-5.77559,1.43016,7.20575,0.986033,-,surprising
near,pickup_truck,9871,truck,automobile,-7.1986,-5.77559,1.42301,7.1986,0.938096,automobile/truck,plausible
far,mushroom,1032,bird,frog,-7.19562,-5.77559,1.42003,7.19562,0.972968,-,surprising
far,clock,1927,truck,automobile,-7.19189,-5.77559,1.4163,7.19189,0.861004,-,surprising
near,pickup_truck,5932,truck,automobile,-7.18478,-5.77559,1.40919,7.18478,0.932116,automobile/truck,plausible
far,mushroom,3039,cat,frog,-7.18285,-5.77559,1.40726,7.18285,0.969263,-,surprising
near,fox,8150,cat,horse,-7.18215,-5.77559,1.40656,7.18215,0.991627,dog/cat,plausible
near,tractor,9039,truck,cat,-7.18186,-5.77559,1.40627,7.18186,0.994668,automobile/truck,plausible
near,fox,3644,deer,cat,-7.17784,-5.77559,1.40225,7.17784,0.989151,dog/cat,surprising
far,sunflower,9256,bird,cat,-7.17174,-5.77559,1.39615,7.17174,0.976725,-,surprising
near,tractor,2123,truck,ship,-7.17092,-5.77559,1.39533,7.17092,0.99519,automobile/truck,plausible
far,clock,2223,automobile,ship,-7.16833,-5.77559,1.39274,7.16833,0.919499,-,surprising
far,keyboard,1546,cat,frog,-7.16809,-5.77559,1.3925,7.16809,0.987548,-,surprising
far,keyboard,4999,cat,bird,-7.16729,-5.77559,1.3917,7.16729,0.980874,-,surprising
near,fox,2336,deer,dog,-7.16498,-5.77559,1.38939,7.16498,0.986599,dog/cat,surprising
far,wardrobe,8757,truck,cat,-7.15876,-5.77559,1.38317,7.15876,0.963644,-,surprising
near,fox,1799,deer,cat,-7.15714,-5.77559,1.38155,7.15714,0.962528,dog/cat,surprising
far,keyboard,9262,automobile,ship,-7.15692,-5.77559,1.38133,7.15692,0.981287,-,surprising
near,camel,7200,bird,cat,-7.15621,-5.77559,1.38062,7.15621,0.98556,horse/deer,surprising
near,tractor,2144,truck,automobile,-7.15065,-5.77559,1.37506,7.15065,0.994728,automobile/truck,plausible
far,bowl,427,automobile,ship,-7.13226,-5.77559,1.35667,7.13226,0.975796,-,surprising
far,bottle,4334,cat,bird,-7.13039,-5.77559,1.3548,7.13039,0.927415,-,surprising
near,fox,4313,cat,dog,-7.12792,-5.77559,1.35233,7.12792,0.98557,dog/cat,plausible
near,fox,3908,dog,cat,-7.12429,-5.77559,1.3487,7.12429,0.883269,dog/cat,plausible
far,sunflower,5181,cat,dog,-7.12414,-5.77559,1.34855,7.12414,0.988006,-,surprising
far,wardrobe,220,truck,ship,-7.11496,-5.77559,1.33937,7.11496,0.976123,-,surprising
near,fox,1425,deer,bird,-7.10884,-5.77559,1.33325,7.10884,0.965304,dog/cat,surprising
near,fox,4754,deer,cat,-7.10686,-5.77559,1.33127,7.10686,0.988731,dog/cat,surprising
near,wolf,7582,deer,dog,-7.1053,-5.77559,1.32971,7.1053,0.978659,dog,surprising
far,keyboard,4670,airplane,truck,-7.10193,-5.77559,1.32633,7.10193,0.993317,-,surprising
near,camel,8780,horse,deer,-7.09048,-5.77559,1.31489,7.09048,0.993237,horse/deer,plausible
far,chair,1947,airplane,horse,-7.08892,-5.77559,1.31333,7.08892,0.993372,-,surprising
near,tractor,4610,truck,automobile,-7.08345,-5.77559,1.30786,7.08345,0.985685,automobile/truck,plausible
near,motorcycle,9276,airplane,horse,-7.07612,-5.77559,1.30053,7.07612,0.965684,automobile/truck,surprising
near,motorcycle,2082,automobile,airplane,-7.07298,-5.77559,1.29739,7.07298,0.971476,automobile/truck,plausible
near,wolf,7125,cat,dog,-7.07207,-5.77559,1.29648,7.07207,0.906445,dog,surprising
near,camel,1184,deer,horse,-7.06719,-5.77559,1.2916,7.06719,0.906282,horse/deer,plausible
near,motorcycle,6449,automobile,truck,-7.06696,-5.77559,1.29137,7.06696,0.990835,automobile/truck,plausible
near,leopard,2647,bird,frog,-7.06654,-5.77559,1.29095,7.06654,0.694781,cat,surprising
far,sunflower,1231,bird,cat,-7.05871,-5.77559,1.28312,7.05871,0.961463,-,surprising
far,clock,6267,automobile,bird,-7.05421,-5.77559,1.27862,7.05421,0.99036,-,surprising
near,camel,8648,bird,horse,-7.05108,-5.77559,1.27549,7.05108,0.994875,horse/deer,surprising
far,mushroom,8962,bird,cat,-7.05045,-5.77559,1.27486,7.05045,0.967482,-,surprising
far,bottle,3350,ship,cat,-7.04264,-5.77559,1.26705,7.04264,0.991724,-,surprising
near,leopard,7412,frog,cat,-7.04181,-5.77559,1.26622,7.04181,0.949105,cat,surprising
near,wolf,3663,cat,deer,-7.03615,-5.77559,1.26056,7.03615,0.986024,dog,surprising
near,wolf,8535,dog,cat,-7.03575,-5.77559,1.26016,7.03575,0.884889,dog,plausible
far,clock,1806,frog,cat,-7.03574,-5.77559,1.26015,7.03574,0.945451,-,surprising
near,leopard,8695,frog,cat,-7.02236,-5.77559,1.24677,7.02236,0.97302,cat,surprising
far,chair,2386,cat,airplane,-7.01299,-5.77559,1.23739,7.01299,0.994587,-,surprising
near,wolf,4283,cat,dog,-7.00984,-5.77559,1.23425,7.00984,0.973424,dog,surprising
near,wolf,7561,cat,bird,-6.99856,-5.77559,1.22297,6.99856,0.926569,dog,surprising
far,chair,4668,airplane,horse,-6.99776,-5.77559,1.22217,6.99776,0.992421,-,surprising
near,tractor,8329,truck,automobile,-6.99613,-5.77559,1.22054,6.99613,0.961349,automobile/truck,plausible
far,sunflower,7776,bird,dog,-6.99213,-5.77559,1.21654,6.99213,0.97966,-,surprising
far,chair,880,cat,ship,-6.9919,-5.77559,1.21631,6.9919,0.988624,-,surprising
near,leopard,6767,frog,cat,-6.98247,-5.77559,1.20688,6.98247,0.918898,cat,surprising
far,mushroom,7356,cat,dog,-6.98154,-5.77559,1.20595,6.98154,0.977953,-,surprising
near,pickup_truck,8944,automobile,airplane,-6.97595,-5.77559,1.20036,6.97595,0.986587,automobile/truck,plausible
far,chair,9003,airplane,bird,-6.97417,-5.77559,1.19858,6.97417,0.987673,-,surprising
near,fox,4255,deer,horse,-6.97113,-5.77559,1.19554,6.97113,0.957221,dog/cat,surprising
near,leopard,3338,cat,deer,-6.9692,-5.77559,1.19361,6.9692,0.933883,cat,plausible
far,bowl,9795,airplane,cat,-6.96025,-5.77559,1.18466,6.96025,0.976096,-,surprising
far,keyboard,6510,truck,airplane,-6.96014,-5.77559,1.18455,6.96014,0.991916,-,surprising
near,fox,8731,cat,dog,-6.95896,-5.77559,1.18337,6.95896,0.60976,dog/cat,plausible
far,wardrobe,363,truck,ship,-6.94946,-5.77559,1.17387,6.94946,0.969755,-,surprising
far,wardrobe,4245,cat,ship,-6.94613,-5.77559,1.17054,6.94613,0.9114,-,surprising
near,wolf,3817,dog,cat,-6.94587,-5.77559,1.17028,6.94587,0.964987,dog,plausible
near,camel,2315,horse,bird,-6.94497,-5.77559,1.16937,6.94497,0.991825,horse/deer,plausible
far,bowl,6069,cat,automobile,-6.94249,-5.77559,1.1669,6.94249,0.98574,-,surprising
far,keyboard,7957,truck,cat,-6.9419,-5.77559,1.16631,6.9419,0.988651,-,surprising
near,camel,3831,horse,bird,-6.93642,-5.77559,1.16083,6.93642,0.97714,horse/deer,plausible
near,fox,5889,deer,dog,-6.93513,-5.77559,1.15954,6.93513,0.986753,dog/cat,surprising
near,wolf,7875,cat,bird,-6.92353,-5.77559,1.14793,6.92353,0.98741,dog,surprising
far,sunflower,2545,dog,cat,-6.91907,-5.77559,1.14348,6.91907,0.923259,-,surprising
far,bowl,588,ship,airplane,-6.91018,-5.77559,1.13459,6.91018,0.968349,-,surprising
far,clock,6508,bird,cat,-6.90376,-5.77559,1.12817,6.90376,0.974061,-,surprising
near,leopard,8454,cat,frog,-6.90043,-5.77559,1.12484,6.90043,0.970619,cat,plausible
far,keyboard,4838,automobile,airplane,-6.89383,-5.77559,1.11824,6.89383,0.980404,-,surprising
far,bowl,7345,ship,airplane,-6.89213,-5.77559,1.11654,6.89213,0.855702,-,surprising
near,motorcycle,9205,automobile,cat,-6.88308,-5.77559,1.10749,6.88308,0.972429,automobile/truck,plausible
near,wolf,6528,cat,dog,-6.87653,-5.77559,1.10094,6.87653,0.867244,dog,surprising
far,chair,3299,airplane,cat,-6.87108,-5.77559,1.09549,6.87108,0.989606,-,surprising
near,leopard,9936,cat,bird,-6.86786,-5.77559,1.09227,6.86786,0.96728,cat,plausible
far,keyboard,5740,ship,truck,-6.86538,-5.77559,1.08979,6.86538,0.987569,-,surprising
near,bus,4464,truck,ship,-6.86421,-5.77559,1.08862,6.86421,0.98844,automobile/truck,plausible
near,bus,4434,truck,automobile,-6.86286,-5.77559,1.08727,6.86286,0.992191,automobile/truck,plausible
near,fox,2891,cat,dog,-6.84721,-5.77559,1.07162,6.84721,0.982499,dog/cat,plausible
far,keyboard,3579,airplane,truck,-6.84506,-5.77559,1.06947,6.84506,0.992536,-,surprising
far,bowl,4386,frog,cat,-6.8449,-5.77559,1.06931,6.8449,0.975455,-,surprising
near,bus,1427,automobile,truck,-6.841,-5.77559,1.06541,6.841,0.971508,automobile/truck,plausible
far,chair,840,dog,cat,-6.83494,-5.77559,1.05935,6.83494,0.993381,-,surprising
near,tractor,8169,truck,airplane,-6.83122,-5.77559,1.05563,6.83122,0.987082,automobile/truck,plausible
near,leopard,4943,deer,frog,-6.8296,-5.77559,1.05401,6.8296,0.977302,cat,surprising
near,wolf,632,cat,dog,-6.82867,-5.77559,1.05308,6.82867,0.750582,dog,surprising
far,chair,7982,cat,truck,-6.81501,-5.77559,1.03942,6.81501,0.96042,-,surprising
far,bowl,2109,ship,automobile,-6.79633,-5.77559,1.02074,6.79633,0.991825,-,surprising
far,sunflower,8866,airplane,bird,-6.7948,-5.77559,1.01921,6.7948,0.886933,-,surprising
near,motorcycle,1321,truck,automobile,-6.79159,-5.77559,1.016,6.79159,0.923296,automobile/truck,plausible
far,bowl,6254,cat,automobile,-6.79059,-5.77559,1.015,6.79059,0.939006,-,surprising
near,leopard,7495,deer,dog,-6.78456,-5.77559,1.00896,6.78456,0.984826,cat,surprising
near,pickup_truck,1155,truck,automobile,-6.78432,-5.77559,1.00873,6.78432,0.868835,automobile/truck,plausible
near,camel,5519,horse,deer,-6.78146,-5.77559,1.00586,6.78146,0.921211,horse/deer,plausible
near,wolf,9886,dog,ship,-6.77982,-5.77559,1.00423,6.77982,0.986931,dog,plausible
far,mushroom,7181,bird,frog,-6.77949,-5.77559,1.0039,6.77949,0.662164,-,surprising
near,leopard,9998,frog,cat,-6.77376,-5.77559,0.998164,6.77376,0.969315,cat,surprising
far,bowl,3728,cat,bird,-6.7687,-5.77559,0.99311,6.7687,0.977872,-,surprising
near,fox,1403,deer,cat,-6.76295,-5.77559,0.987363,6.76295,0.502563,dog/cat,surprising
far,mushroom,1273,horse,bird,-6.75656,-5.77559,0.980966,6.75656,0.976993,-,surprising
far,bottle,1932,ship,cat,-6.7555,-5.77559,0.979905,6.7555,0.824432,-,surprising
near,wolf,214,cat,dog,-6.74909,-5.77559,0.973498,6.74909,0.982264,dog,surprising
near,fox,4703,cat,deer,-6.74523,-5.77559,0.969637,6.74523,0.9605,dog/cat,plausible
far,chair,1434,airplane,cat,-6.74312,-5.77559,0.967528,6.74312,0.986118,-,surprising
far,bowl,806,cat,frog,-6.74161,-5.77559,0.966018,6.74161,0.874089,-,surprising
far,clock,4859,cat,automobile,-6.74093,-5.77559,0.965342,6.74093,0.98943,-,surprising
near,wolf,3219,cat,dog,-6.73093,-5.77559,0.955336,6.73093,0.941064,dog,surprising
near,camel,2712,deer,horse,-6.72862,-5.77559,0.95303,6.72862,0.83672,horse/deer,plausible
near,tractor,652,truck,frog,-6.72642,-5.77559,0.950826,6.72642,0.986135,automobile/truck,plausible
far,keyboard,6777,ship,deer,-6.72252,-5.77559,0.946927,6.72252,0.970319,-,surprising
far,wardrobe,3149,truck,ship,-6.72034,-5.77559,0.944748,6.72034,0.982599,-,surprising
near,bus,2019,truck,automobile,-6.71929,-5.77559,0.9437,6.71929,0.911854,automobile/truck,plausible
near,motorcycle,615,frog,automobile,-6.71859,-5.77559,0.942996,6.71859,0.969168,automobile/truck,surprising
near,leopard,425,frog,cat,-6.71597,-5.77559,0.940383,6.71597,0.979528,cat,surprising
near,camel,1882,dog,frog,-6.71514,-5.77559,0.939554,6.71514,0.949288,horse/deer,surprising
far,clock,1428,automobile,ship,-6.70013,-5.77559,0.924536,6.70013,0.839208,-,surprising
far,bottle,52,bird,deer,-6.69803,-5.77559,0.922443,6.69803,0.98785,-,surprising
near,leopard,5328,deer,cat,-6.6866,-5.77559,0.911006,6.6866,0.976159,cat,surprising
near,leopard,1607,frog,cat,-6.68526,-5.77559,0.909666,6.68526,0.968498,cat,surprising
near,wolf,9768,cat,dog,-6.6835,-5.77559,0.907907,6.6835,0.97754,dog,surprising
near,leopard,5478,deer,frog,-6.68071,-5.77559,0.905118,6.68071,0.971869,cat,surprising
near,leopard,7407,cat,frog,-6.67517,-5.77559,0.899579,6.67517,0.910965,cat,plausible
far,wardrobe,9059,ship,cat,-6.66312,-5.77559,0.887526,6.66312,0.778402,-,surprising
near,bus,3701,truck,ship,-6.66241,-5.77559,0.886822,6.66241,0.897797,automobile/truck,plausible
far,chair,8666,bird,airplane,-6.6587,-5.77559,0.883108,6.6587,0.956097,-,surprising
far,wardrobe,7828,truck,cat,-6.65428,-5.77559,0.878685,6.65428,0.944711,-,surprising
far,mushroom,6194,cat,dog,-6.65389,-5.77559,0.878301,6.65389,0.7366,-,surprising
near,fox,1227,cat,horse,-6.65291,-5.77559,0.877316,6.65291,0.966879,dog/cat,plausible
near,camel,9266,dog,bird,-6.65277,-5.77559,0.877177,6.65277,0.961561,horse/deer,surprising
near,motorcycle,7110,airplane,bird,-6.65269,-5.77559,0.877098,6.65269,0.980421,automobile/truck,surprising
far,sunflower,611,dog,bird,-6.64609,-5.77559,0.870503,6.64609,0.755078,-,surprising
near,tractor,4663,truck,ship,-6.64361,-5.77559,0.868024,6.64361,0.985245,automobile/truck,plausible
far,bottle,9857,truck,automobile,-6.63606,-5.77559,0.860469,6.63606,0.901186,-,surprising
near,pickup_truck,8391,truck,automobile,-6.63602,-5.77559,0.860433,6.63602,0.932211,automobile/truck,plausible
near,motorcycle,790,automobile,truck,-6.63549,-5.77559,0.859897,6.63549,0.893158,automobile/truck,plausible
far,keyboard,8312,airplane,dog,-6.63531,-5.77559,0.859721,6.63531,0.984002,-,surprising
near,fox,4991,dog,deer,-6.63508,-5.77559,0.859492,6.63508,0.962614,dog/cat,plausible
far,bowl,1041,frog,cat,-6.63124,-5.77559,0.855645,6.63124,0.986612,-,surprising
near,motorcycle,7640,automobile,cat,-6.62884,-5.77559,0.853246,6.62884,0.987434,automobile/truck,plausible
far,wardrobe,1362,cat,dog,-6.62841,-5.77559,0.852823,6.62841,0.990582,-,surprising
far,wardrobe,734,cat,dog,-6.62525,-5.77559,0.849663,6.62525,0.976786,-,surprising
far,sunflower,6845,bird,dog,-6.61543,-5.77559,0.839843,6.61543,0.968809,-,surprising
near,fox,4277,dog,cat,-6.60741,-5.77559,0.831819,6.60741,0.871649,dog/cat,plausible
far,mushroom,8829,bird,cat,-6.60398,-5.77559,0.828384,6.60398,0.692921,-,surprising
far,mushroom,8505,bird,airplane,-6.6005,-5.77559,0.824912,6.6005,0.962476,-,surprising
far,mushroom,4968,deer,frog,-6.59385,-5.77559,0.818261,6.59385,0.971054,-,surprising
near,pickup_truck,5732,automobile,truck,-6.593,-5.77559,0.81741,6.593,0.971247,automobile/truck,plausible
near,leopard,7283,deer,frog,-6.5927,-5.77559,0.817107,6.5927,0.94402,cat,surprising
far,bottle,6018,airplane,bird,-6.58892,-5.77559,0.813331,6.58892,0.981446,-,surprising
near,fox,5084,deer,cat,-6.58324,-5.77559,0.807652,6.58324,0.82279,dog/cat,surprising
near,motorcycle,4461,airplane,automobile,-6.57546,-5.77559,0.799874,6.57546,0.978009,automobile/truck,surprising
near,motorcycle,7569,automobile,truck,-6.57229,-5.77559,0.796697,6.57229,0.980544,automobile/truck,plausible
near,fox,4341,airplane,dog,-6.57204,-5.77559,0.796454,6.57204,0.887315,dog/cat,surprising
far,wardrobe,3702,truck,ship,-6.5686,-5.77559,0.793011,6.5686,0.982954,-,surprising
far,keyboard,5577,frog,horse,-6.56596,-5.77559,0.790368,6.56596,0.975705,-,surprising
far,chair,4159,bird,frog,-6.56459,-5.77559,0.788998,6.56459,0.868385,-,surprising
far,sunflower,9907,frog,dog,-6.56411,-5.77559,0.788519,6.56411,0.984514,-,surprising
near,wolf,9346,dog,frog,-6.55699,-5.77559,0.781402,6.55699,0.978062,dog,plausible
near,bus,3478,truck,automobile,-6.54966,-5.77559,0.774065,6.54966,0.805278,automobile/truck,plausible
near,tractor,8026,airplane,truck,-6.54887,-5.77559,0.773279,6.54887,0.915546,automobile/truck,surprising
near,fox,1320,deer,dog,-6.5444,-5.77559,0.768814,6.5444,0.891884,dog/cat,surprising
near,tractor,6379,airplane,ship,-6.53879,-5.77559,0.763203,6.53879,0.94541,automobile/truck,surprising
near,leopard,274,frog,cat,-6.51762,-5.77559,0.742026,6.51762,0.988052,cat,surprising
near,tractor,6398,automobile,truck,-6.51722,-5.77559,0.741631,6.51722,0.968119,automobile/truck,plausible
far,sunflower,2038,truck,cat,-6.51177,-5.77559,0.736181,6.51177,0.98355,-,surprising
near,camel,5494,deer,horse,-6.5049,-5.77559,0.729312,6.5049,0.74131,horse/deer,plausible
far,bottle,6788,truck,horse,-6.50111,-5.77559,0.725524,6.50111,0.983169,-,surprising
far,wardrobe,647,cat,ship,-6.48984,-5.77559,0.714245,6.48984,0.985523,-,surprising
far,bowl,3348,frog,cat,-6.48379,-5.77559,0.708198,6.48379,0.969583,-,surprising
far,sunflower,8730,bird,airplane,-6.48341,-5.77559,0.707819,6.48341,0.959092,-,surprising
near,camel,769,airplane,ship,-6.48233,-5.77559,0.706737,6.48233,0.985779,horse/deer,surprising
near,tractor,8141,ship,truck,-6.48149,-5.77559,0.705902,6.48149,0.876237,automobile/truck,surprising
near,pickup_truck,1491,automobile,truck,-6.47907,-5.77559,0.703477,6.47907,0.953874,automobile/truck,plausible
far,chair,5699,ship,airplane,-6.47847,-5.77559,0.702882,6.47847,0.99196,-,surprising
far,clock,5147,cat,truck,-6.46493,-5.77559,0.689342,6.46493,0.980387,-,surprising
far,chair,7499,truck,cat,-6.46213,-5.77559,0.686538,6.46213,0.971345,-,surprising
far,mushroom,1138,frog,bird,-6.45852,-5.77559,0.682931,6.45852,0.52278,-,surprising
far,bottle,7012,cat,frog,-6.45805,-5.77559,0.682464,6.45805,0.984641,-,surprising
near,pickup_truck,196,truck,airplane,-6.45645,-5.77559,0.680855,6.45645,0.915208,automobile/truck,plausible
far,chair,3203,airplane,ship,-6.45452,-5.77559,0.678932,6.45452,0.974442,-,surprising
near,bus,1616,horse,airplane,-6.45081,-5.77559,0.675222,6.45081,0.965711,automobile/truck,surprising
near,motorcycle,9345,truck,automobile,-6.44988,-5.77559,0.674292,6.44988,0.695758,automobile/truck,plausible
far,bottle,3011,dog,cat,-6.4443,-5.77559,0.668713,6.4443,0.94979,-,surprising
far,mushroom,1782,bird,deer,-6.44252,-5.77559,0.666933,6.44252,0.984013,-,surprising
far,wardrobe,9186,cat,truck,-6.43917,-5.77559,0.663576,6.43917,0.863789,-,surprising
near,motorcycle,3606,truck,automobile,-6.43598,-5.77559,0.660387,6.43598,0.985397,automobile/truck,plausible
far,bowl,4367,cat,ship,-6.43395,-5.77559,0.658357,6.43395,0.970945,-,surprising
far,chair,3317,airplane,ship,-6.42667,-5.77559,0.651082,6.42667,0.967771,-,surprising
far,bottle,2963,truck,horse,-6.42279,-5.77559,0.647201,6.42279,0.96303,-,surprising
far,sunflower,3089,cat,bird,-6.42237,-5.77559,0.646779,6.42237,0.963274,-,surprising
near,tractor,3840,truck,horse,-6.42209,-5.77559,0.646498,6.42209,0.975201,automobile/truck,plausible
far,sunflower,7989,bird,cat,-6.42099,-5.77559,0.645397,6.42099,0.954434,-,surprising
near,fox,959,dog,cat,-6.41419,-5.77559,0.638603,6.41419,0.788708,dog/cat,plausible
far,bottle,8317,cat,truck,-6.41106,-5.77559,0.635467,6.41106,0.680638,-,surprising
far,mushroom,6668,bird,cat,-6.40682,-5.77559,0.631224,6.40682,0.955299,-,surprising
far,wardrobe,8244,cat,horse,-6.40225,-5.77559,0.626663,6.40225,0.97222,-,surprising
near,fox,7799,horse,deer,-6.39559,-5.77559,0.619994,6.39559,0.973702,dog/cat,surprising
near,wolf,712,dog,cat,-6.38196,-5.77559,0.606366,6.38196,0.859011,dog,plausible
near,tractor,9708,truck,airplane,-6.37964,-5.77559,0.604047,6.37964,0.977653,automobile/truck,plausible
near,wolf,7472,horse,dog,-6.36792,-5.77559,0.592333,6.36792,0.935277,dog,surprising
far,chair,4444,cat,airplane,-6.36454,-5.77559,0.588952,6.36454,0.935994,-,surprising
near,bus,1034,truck,automobile,-6.35022,-5.77559,0.574634,6.35022,0.979819,automobile/truck,plausible
near,camel,5113,bird,dog,-6.34265,-5.77559,0.567054,6.34265,0.658092,horse/deer,surprising
far,sunflower,9209,bird,frog,-6.33512,-5.77559,0.559529,6.33512,0.865871,-,surprising
far,bowl,8656,airplane,cat,-6.32124,-5.77559,0.545646,6.32124,0.918392,-,surprising
far,bowl,6327,automobile,cat,-6.3208,-5.77559,0.545206,6.3208,0.953344,-,surprising
near,leopard,2678,cat,frog,-6.31401,-5.77559,0.538416,6.31401,0.924435,cat,plausible
far,mushroom,3734,cat,deer,-6.31222,-5.77559,0.536631,6.31222,0.959573,-,surprising
far,sunflower,67,dog,automobile,-6.30494,-5.77559,0.529346,6.30494,0.972388,-,surprising
near,leopard,313,frog,cat,-6.29146,-5.77559,0.515868,6.29146,0.920852,cat,surprising
near,camel,7194,deer,horse,-6.28667,-5.77559,0.511074,6.28667,0.883039,horse/deer,plausible
far,wardrobe,7606,truck,cat,-6.28655,-5.77559,0.510958,6.28655,0.96051,-,surprising
near,bus,8497,truck,cat,-6.2845,-5.77559,0.50891,6.2845,0.981945,automobile/truck,plausible
near,pickup_truck,8503,automobile,truck,-6.27872,-5.77559,0.503131,6.27872,0.522433,automobile/truck,plausible
far,mushroom,2005,bird,airplane,-6.27611,-5.77559,0.500518,6.27611,0.858659,-,surprising
near,wolf,4294,deer,cat,-6.27496,-5.77559,0.499366,6.27496,0.937482,dog,surprising
far,bottle,5102,truck,bird,-6.26781,-5.77559,0.492221,6.26781,0.978321,-,surprising
near,fox,669,cat,deer,-6.2652,-5.77559,0.489605,6.2652,0.92717,dog/cat,plausible
far,keyboard,5505,airplane,frog,-6.26414,-5.77559,0.488544,6.26414,0.985396,-,surprising
near,wolf,653,cat,deer,-6.26348,-5.77559,0.487887,6.26348,0.928543,dog,surprising
far,sunflower,4103,dog,bird,-6.26331,-5.77559,0.487719,6.26331,0.943685,-,surprising
far,bottle,7259,truck,automobile,-6.25748,-5.77559,0.481891,6.25748,0.982704,-,surprising
far,clock,4986,truck,automobile,-6.2566,-5.77559,0.481012,6.2566,0.651426,-,surprising
far,clock,7626,automobile,ship,-6.25244,-5.77559,0.476849,6.25244,0.845794,-,surprising
far,bottle,932,cat,airplane,-6.24925,-5.77559,0.473664,6.24925,0.985045,-,surprising
far,mushroom,6729,bird,frog,-6.24838,-5.77559,0.472792,6.24838,0.845607,-,surprising
near,leopard,4611,frog,cat,-6.24804,-5.77559,0.472447,6.24804,0.966418,cat,surprising
near,camel,6037,dog,horse,-6.24685,-5.77559,0.471261,6.24685,0.942007,horse/deer,surprising
near,camel,650,bird,dog,-6.24677,-5.77559,0.471181,6.24677,0.898259,horse/deer,surprising
near,fox,969,cat,dog,-6.24627,-5.77559,0.470675,6.24627,0.937262,dog/cat,plausible
far,clock,2815,ship,airplane,-6.24511,-5.77559,0.469515,6.24511,0.9765,-,surprising
far,chair,8753,truck,automobile,-6.24483,-5.77559,0.469243,6.24483,0.971198,-,surprising
near,leopard,3291,bird,cat,-6.24148,-5.77559,0.465888,6.24148,0.894992,cat,surprising
far,sunflower,1122,bird,frog,-6.23465,-5.77559,0.459057,6.23465,0.964927,-,surprising
near,tractor,8906,airplane,ship,-6.23288,-5.77559,0.457286,6.23288,0.974107,automobile/truck,surprising
far,bottle,9755,ship,frog,-6.22998,-5.77559,0.454391,6.22998,0.864898,-,surprising
far,mushroom,4417,cat,bird,-6.2271,-5.77559,0.451506,6.2271,0.97831,-,surprising
near,wolf,8101,cat,dog,-6.22659,-5.77559,0.451003,6.22659,0.864299,dog,surprising
near,fox,5619,cat,frog,-6.21743,-5.77559,0.441835,6.21743,0.971744,dog/cat,plausible
far,sunflower,9431,bird,dog,-6.21287,-5.77559,0.437278,6.21287,0.971919,-,surprising
near,wolf,1937,cat,dog,-6.21284,-5.77559,0.437246,6.21284,0.821699,dog,surprising
near,pickup_truck,5736,truck,automobile,-6.2126,-5.77559,0.437005,6.2126,0.811728,automobile/truck,plausible
far,chair,7192,dog,cat,-6.20986,-5.77559,0.434267,6.20986,0.969292,-,surprising
near,motorcycle,6416,automobile,airplane,-6.20759,-5.77559,0.431994,6.20759,0.883838,automobile/truck,plausible
near,tractor,1864,truck,dog,-6.20422,-5.77559,0.428626,6.20422,0.980496,automobile/truck,plausible
far,chair,5603,airplane,bird,-6.20372,-5.77559,0.42813,6.20372,0.946495,-,surprising
near,fox,2356,deer,horse,-6.20195,-5.77559,0.426362,6.20195,0.952806,dog/cat,surprising
near,camel,62,horse,deer,-6.20039,-5.77559,0.424801,6.20039,0.798748,horse/deer,plausible
near,motorcycle,5650,automobile,truck,-6.20031,-5.77559,0.424716,6.20031,0.971232,automobile/truck,plausible
far,clock,2945,cat,bird,-6.19304,-5.77559,0.417449,6.19304,0.965141,-,surprising
far,clock,618,ship,cat,-6.19241,-5.77559,0.416815,6.19241,0.94633,-,surprising
near,camel,5253,dog,cat,-6.19076,-5.77559,0.415173,6.19076,0.871041,horse/deer,surprising
far,bowl,7737,automobile,cat,-6.18888,-5.77559,0.413287,6.18888,0.928573,-,surprising
far,wardrobe,1002,cat,truck,-6.18671,-5.77559,0.411124,6.18671,0.823575,-,surprising
near,fox,7503,dog,horse,-6.18638,-5.77559,0.410794,6.18638,0.925972,dog/cat,plausible
far,mushroom,6911,deer,bird,-6.18541,-5.77559,0.409815,6.18541,0.957641,-,surprising
near,fox,2518,deer,dog,-6.18178,-5.77559,0.40619,6.18178,0.848082,dog/cat,surprising
far,bottle,2314,automobile,ship,-6.17972,-5.77559,0.404127,6.17972,0.942217,-,surprising
far,mushroom,9125,bird,deer,-6.17558,-5.77559,0.399985,6.17558,0.907909,-,surprising
near,fox,6505,cat,frog,-6.17092,-5.77559,0.395324,6.17092,0.832573,dog/cat,plausible
far,bowl,6565,frog,bird,-6.16702,-5.77559,0.39143,6.16702,0.977196,-,surprising
far,sunflower,238,bird,frog,-6.15776,-5.77559,0.382173,6.15776,0.974521,-,surprising
far,sunflower,2856,bird,dog,-6.15544,-5.77559,0.379846,6.15544,0.891873,-,surprising
far,mushroom,2937,frog,bird,-6.15531,-5.77559,0.379724,6.15531,0.698337,-,surprising
far,wardrobe,3015,bird,truck,-6.15465,-5.77559,0.379058,6.15465,0.953969,-,surprising
near,pickup_truck,7823,truck,automobile,-6.15383,-5.77559,0.378241,6.15383,0.698,automobile/truck,plausible
near,wolf,684,dog,cat,-6.13351,-5.77559,0.357919,6.13351,0.690379,dog,plausible
near,motorcycle,3525,airplane,horse,-6.12776,-5.77559,0.352168,6.12776,0.972429,automobile/truck,surprising
near,tractor,9922,bird,deer,-6.12415,-5.77559,0.348556,6.12415,0.961503,automobile/truck,surprising
near,leopard,4971,cat,bird,-6.11671,-5.77559,0.341122,6.11671,0.950266,cat,plausible
near,tractor,4027,truck,ship,-6.11626,-5.77559,0.340666,6.11626,0.86112,automobile/truck,plausible
far,sunflower,8689,bird,airplane,-6.11257,-5.77559,0.336978,6.11257,0.948504,-,surprising
far,bowl,865,cat,ship,-6.10199,-5.77559,0.326404,6.10199,0.963974,-,surprising
far,chair,2108,airplane,truck,-6.09974,-5.77559,0.32415,6.09974,0.909649,-,surprising
far,bowl,1410,automobile,dog,-6.07611,-5.77559,0.300518,6.07611,0.969093,-,surprising
near,camel,1573,airplane,horse,-6.07497,-5.77559,0.299383,6.07497,0.979814,horse/deer,surprising
far,sunflower,8470,bird,airplane,-6.07473,-5.77559,0.299136,6.07473,0.977746,-,surprising
near,tractor,4404,airplane,truck,-6.07294,-5.77559,0.297344,6.07294,0.901225,automobile/truck,surprising
far,wardrobe,8804,cat,truck,-6.06871,-5.77559,0.293123,6.06871,0.938574,-,surprising
far,wardrobe,8868,truck,cat,-6.06841,-5.77559,0.292818,6.06841,0.871775,-,surprising
near,leopard,2211,deer,cat,-6.06634,-5.77559,0.29075,6.06634,0.774196,cat,surprising
near,wolf,2933,cat,dog,-6.06395,-5.77559,0.288364,6.06395,0.949128,dog,surprising
near,motorcycle,9007,airplane,frog,-6.06065,-5.77559,0.285055,6.06065,0.980383,automobile/truck,surprising
far,wardrobe,6783,truck,cat,-6.05644,-5.77559,0.280851,6.05644,0.94331,-,surprising
near,fox,9148,cat,dog,-6.04026,-5.77559,0.264671,6.04026,0.874328,dog/cat,plausible
near,wolf,3927,cat,dog,-6.0396,-5.77559,0.264006,6.0396,0.908326,dog,surprising
near,fox,6693,deer,cat,-6.03877,-5.77559,0.263179,6.03877,0.72979,dog/cat,surprising
far,bottle,7728,cat,dog,-6.03343,-5.77559,0.25784,6.03343,0.96448,-,surprising
far,keyboard,8994,airplane,ship,-6.02923,-5.77559,0.253639,6.02923,0.978518,-,surprising
near,leopard,9914,frog,deer,-6.02053,-5.77559,0.24494,6.02053,0.900708,cat,surprising
near,wolf,4153,cat,dog,-6.01915,-5.77559,0.24356,6.01915,0.92531,dog,surprising
far,bowl,8568,airplane,ship,-6.01827,-5.77559,0.242676,6.01827,0.956304,-,surprising
far,mushroom,2332,bird,cat,-6.01577,-5.77559,0.240176,6.01577,0.890245,-,surprising
far,sunflower,4376,frog,bird,-6.00994,-5.77559,0.23435,6.00994,0.709349,-,surprising
near,motorcycle,5342,frog,automobile,-6.00929,-5.77559,0.233704,6.00929,0.937372,automobile/truck,surprising
near,camel,9412,cat,horse,-6.00498,-5.77559,0.22939,6.00498,0.883462,horse/deer,surprising
near,bus,3236,truck,automobile,-6.00336,-5.77559,0.22777,6.00336,0.658194,automobile/truck,plausible
far,keyboard,8472,airplane,ship,-6.00164,-5.77559,0.226047,6.00164,0.957483,-,surprising
near,leopard,3074,frog,cat,-5.99237,-5.77559,0.216781,5.99237,0.92512,cat,surprising
far,wardrobe,4947,cat,ship,-5.99106,-5.77559,0.215469,5.99106,0.950325,-,surprising
far,mushroom,9997,airplane,deer,-5.99086,-5.77559,0.215272,5.99086,0.959873,-,surprising
far,chair,2161,truck,horse,-5.98455,-5.77559,0.208963,5.98455,0.972455,-,surprising
near,wolf,6324,dog,cat,-5.98342,-5.77559,0.207826,5.98342,0.677254,dog,plausible
near,pickup_truck,2396,automobile,truck,-5.98028,-5.77559,0.204693,5.98028,0.754538,automobile/truck,plausible
near,fox,1432,cat,dog,-5.97654,-5.77559,0.200944,5.97654,0.613053,dog/cat,plausible
far,keyboard,3693,automobile,truck,-5.97226,-5.77559,0.196668,5.97226,0.698355,-,surprising
near,camel,5119,airplane,horse,-5.96636,-5.77559,0.19077,5.96636,0.941953,horse/deer,surprising
near,camel,2415,deer,horse,-5.96314,-5.77559,0.18755,5.96314,0.917102,horse/deer,plausible
near,camel,992,horse,deer,-5.96116,-5.77559,0.185572,5.96116,0.851534,horse/deer,plausible
far,wardrobe,1909,cat,truck,-5.95307,-5.77559,0.177481,5.95307,0.956778,-,surprising
far,bottle,8812,truck,automobile,-5.95194,-5.77559,0.176346,5.95194,0.916793,-,surprising
far,mushroom,3962,cat,bird,-5.94964,-5.77559,0.174047,5.94964,0.604741,-,surprising
near,motorcycle,7806,automobile,truck,-5.94795,-5.77559,0.172356,5.94795,0.875044,automobile/truck,plausible
near,motorcycle,6279,automobile,dog,-5.94149,-5.77559,0.165902,5.94149,0.97543,automobile/truck,plausible
near,fox,2828,cat,deer,-5.93731,-5.77559,0.161716,5.93731,0.788122,dog/cat,plausible
far,mushroom,1987,dog,bird,-5.93171,-5.77559,0.156121,5.93171,0.881861,-,surprising
far,bottle,7415,ship,cat,-5.93117,-5.77559,0.155581,5.93117,0.96016,-,surprising
far,bowl,1696,cat,bird,-5.93094,-5.77559,0.155351,5.93094,0.612353,-,surprising
near,fox,8132,dog,deer,-5.92269,-5.77559,0.147095,5.92269,0.887649,dog/cat,plausible
near,fox,8100,dog,cat,-5.922,-5.77559,0.146413,5.922,0.892239,dog/cat,plausible
far,sunflower,4785,bird,airplane,-5.92054,-5.77559,0.144947,5.92054,0.902181,-,surprising
near,leopard,5231,frog,cat,-5.91888,-5.77559,0.143291,5.91888,0.930463,cat,surprising
near,pickup_truck,3537,automobile,truck,-5.9184,-5.77559,0.142813,5.9184,0.576348,automobile/truck,plausible
near,leopard,945,frog,cat,-5.9172,-5.77559,0.141611,5.9172,0.93514,cat,surprising
far,chair,4010,airplane,truck,-5.91675,-5.77559,0.141158,5.91675,0.949022,-,surprising
far,sunflower,7991,dog,cat,-5.91201,-5.77559,0.136414,5.91201,0.837975,-,surprising
near,leopard,5016,deer,cat,-5.90187,-5.77559,0.126279,5.90187,0.820955,cat,surprising
near,camel,6417,bird,dog,-5.90071,-5.77559,0.125119,5.90071,0.614104,horse/deer,surprising
far,mushroom,3493,bird,deer,-5.89534,-5.77559,0.119745,5.89534,0.917615,-,surprising
far,wardrobe,4033,cat,truck,-5.89361,-5.77559,0.118024,5.89361,0.919408,-,surprising
near,pickup_truck,47,truck,automobile,-5.88763,-5.77559,0.112037,5.88763,0.500386,automobile/truck,plausible
near,tractor,5182,ship,deer,-5.88722,-5.77559,0.111627,5.88722,0.966469,automobile/truck,surprising
near,motorcycle,3893,bird,airplane,-5.86151,-5.77559,0.0859231,5.86151,0.510156,automobile/truck,surprising
far,chair,157,truck,cat,-5.85839,-5.77559,0.0827965,5.85839,0.926673,-,surprising
far,bowl,9177,bird,cat,-5.85686,-5.77559,0.081273,5.85686,0.920377,-,surprising
far,keyboard,6419,airplane,automobile,-5.85355,-5.77559,0.0779562,5.85355,0.978235,-,surprising
far,keyboard,147,frog,horse,-5.85339,-5.77559,0.0778026,5.85339,0.963644,-,surprising
near,leopard,8774,cat,frog,-5.85108,-5.77559,0.0754885,5.85108,0.816683,cat,plausible
far,bottle,6089,ship,cat,-5.85015,-5.77559,0.0745573,5.85015,0.967858,-,surprising
far,bowl,7804,ship,airplane,-5.84174,-5.77559,0.0661454,5.84174,0.968764,-,surprising
near,camel,5455,horse,cat,-5.83937,-5.77559,0.0637793,5.83937,0.844618,horse/deer,plausible
far,wardrobe,4910,truck,cat,-5.83928,-5.77559,0.0636916,5.83928,0.766586,-,surprising
far,bottle,6214,ship,truck,-5.83769,-5.77559,0.062097,5.83769,0.962443,-,surprising
far,bowl,3091,ship,truck,-5.83543,-5.77559,0.0598416,5.83543,0.963742,-,surprising
far,chair,2684,horse,airplane,-5.83206,-5.77559,0.0564646,5.83206,0.951624,-,surprising
near,fox,8735,cat,dog,-5.82089,-5.77559,0.0452961,5.82089,0.895691,dog/cat,plausible
far,mushroom,6575,truck,airplane,-5.82083,-5.77559,0.0452346,5.82083,0.968579,-,surprising
near,camel,4345,horse,dog,-5.81746,-5.77559,0.0418658,5.81746,0.808517,horse/deer,plausible
near,motorcycle,6022,truck,airplane,-5.81302,-5.77559,0.0374255,5.81302,0.92708,automobile/truck,plausible
far,keyboard,771,horse,deer,-5.81016,-5.77559,0.0345678,5.81016,0.652098,-,surprising
near,camel,2834,deer,horse,-5.80982,-5.77559,0.0342311,5.80982,0.801602,horse/deer,plausible
far,chair,8498,bird,frog,-5.80657,-5.77559,0.0309786,5.80657,0.90265,-,surprising
near,tractor,2101,ship,deer,-5.80578,-5.77559,0.030189,5.80578,0.958132,automobile/truck,surprising
far,sunflower,2243,bird,frog,-5.80168,-5.77559,0.0260863,5.80168,0.911275,-,surprising
near,camel,8598,deer,horse,-5.7922,-5.77559,0.0166106,5.7922,0.91619,horse/deer,plausible
far,sunflower,714,bird,dog,-5.77814,-5.77559,0.00254483,5.77814,0.686557,-,surprising
far,sunflower,8785,bird,dog,-5.77717,-5.77559,0.00157733,5.77717,0.952024,-,surprising
